lon,lat,Does this point fall within active cropland?
130.27524357,47.16228803,1.0
128.42812597,49.55805776,1.0
127.02877547,46.22836191,1.0
126.77040656,47.58736447,1.0
126.88840027,48.56753134,0.0
122.41401503,52.79852874,0.0
128.34181443,44.85223114,0.0
131.10174459,47.54262727,0.0
128.46492321,48.73509926,0.0
127.49132142,45.60047004,0.0
123.85634723,47.82020281,1.0
127.23601163,49.07290003,1.0
123.02713957,53.32160556,0.0
126.35322021,51.34712883,0.5
130.11126471,44.52923949,0.0
128.92098502,45.33950177,0.0
128.99440996,46.55654215,0.0
128.19620067,48.3782162,0.0
124.82643285,47.99657203,1.0
128.96713997,46.52694223,0.0
127.26834579,47.08233347,0.5
125.52934297,46.37124447,0.0
127.05937192,48.35907847,0.0
126.97026798,49.69250522,0.0
127.0604351,49.1350546,1.0
130.36792299,47.8553851,0.0
128.06424574,45.93129862,0.0
125.88283418,49.33330847,1.0
125.22817203,52.41561416,1.0
122.68828623,52.65029248,0.0
124.28945526,51.80581265,0.0
125.65478764,52.80457539,0.0
130.06407722,48.23742549,0.0
127.50717223,49.36331844,0.0
123.37229508,47.02876187,1.0
126.58910182,46.69761268,1.0
124.65970059,52.36208708,0.0
133.26565576,46.47691894,0.0
125.42308744,48.70888903,1.0
126.33377575,49.1577058,1.0
131.15340388,45.47825255,1.0
129.4186283,47.43911472,0.5
125.5694917,50.24651037,0.0
124.44777314,47.10220385,0.0
125.90909106,45.94255097,1.0
129.98113297,44.68112661,0.0
126.09083253,50.9422456,0.0
125.00584033,48.43250801,1.0
129.42744809,44.49781722,0.0
124.84705877,51.89548095,0.0
130.75294738,46.85146896,1.0
124.50290304,51.47542865,0.0
126.03664285,50.20985689,0.0
126.30030835,47.81030264,1.0
127.4723162,49.42038939,0.0
128.08701159,45.34142929,0.0
125.2371833,49.02118133,1.0
131.76761342,46.33640932,0.0
128.89461792,45.82793991,0.5
128.41938411,46.28854707,0.0
123.10439189,51.86184262,0.0
128.38747111,46.91633009,0.0
130.52531312,44.01880803,0.0
127.70740572,46.84274624,1.0
129.79282334,46.18725869,0.5
130.4045061,47.50299298,0.0
127.68757241,44.24949278,0.0
123.63363993,47.33337857,1.0
124.6472847,47.69061087,0.0
124.1697354,52.90626804,0.0
125.89755621,49.66080556,0.5
133.00295976,45.87855717,0.0
127.1969586,44.93746207,0.0
130.05010243,48.34633674,0.0
123.43909217,47.60727981,1.0
129.48412394,44.13543927,1.0
126.62087609,49.75751352,0.0
129.29138839,48.80775465,0.0
128.16682812,46.47295231,0.0
126.1737613,49.25070556,0.5
131.54342061,46.41473821,1.0
128.10176981,47.29904024,0.0
127.46183576,44.63461661,0.0
133.3348454,46.50594691,0.0
128.9019101,47.39494582,0.0
133.11312015,46.55906233,0.0
126.67888178,46.74159251,1.0
130.39793264,44.50443752,0.0
128.14749659,47.23005586,0.0
130.03245068,47.91616732,0.0
127.96291722,45.65354569,0.5
128.76745892,47.46382603,0.0
122.80567863,47.6277471,1.0
133.750505,48.14268613,1.0
130.46983656,48.42726453,0.0
129.37598443,47.20384776,0.5
124.73773534,48.85850116,1.0
129.44143553,48.45369233,0.0
129.91461341,46.21444872,1.0
126.40732738,49.53157484,0.0
125.63453896,47.08952881,1.0
123.44862242,47.36567857,0.0
133.38273997,46.93629776,0.0
133.8137759,47.9247593,1.0
126.09520681,50.94650494,0.0
128.31811919,45.99860757,1.0
128.33566517,46.31623711,0.0
129.5077166,46.08149568,0.5
127.80987443,47.20998172,0.5
123.72325309,47.42782714,1.0
129.98540132,48.53767362,0.0
127.41612003,49.04646374,0.0
133.40450279,46.75342309,0.0
125.53932486,48.22663334,1.0
129.29921857,46.37136649,0.0
129.21269331,47.27331042,0.0
132.38561394,47.08008666,1.0
127.90861775,48.39888077,0.0
126.52856322,49.5836783,0.0
126.51984772,48.19890129,1.0
127.35631924,48.35708092,1.0
126.19223871,47.68767376,1.0
127.17524605,49.65002429,0.0
131.58667751,46.32480048,0.0
131.91983256,47.61904437,1.0
124.87909251,52.5599275,0.0
133.26094425,47.17499521,0.5
125.81069077,49.68819648,1.0
129.97918655,48.05126243,0.0
122.48695696,53.03812058,0.5
126.8333029,50.68631874,0.0
126.27387282,51.1733983,0.0
124.1843149,46.96710473,0.0
128.27063859,44.86375205,0.0
125.62223907,45.57928551,1.0
129.45204706,45.4318913,0.0
133.19069662,46.61627434,0.0
122.40226026,52.9108512,0.0
126.18663712,49.25118432,0.5
127.43414193,45.24632766,0.0
130.9583203,46.13090293,0.0
126.75070857,48.32798245,1.0
132.38013031,46.27928554,0.0
122.68401326,52.44243324,0.0
129.73912069,44.62045953,0.0
124.24065492,53.05768907,0.0
127.35768642,45.7119974,0.0
128.876061,44.24102736,1.0
126.77768973,51.3517708,0.0
128.21355953,46.69089053,0.0
125.034789,48.35899976,1.0
133.29845328,46.45155068,0.0
128.92040897,48.85421476,0.0
127.96652358,45.815129,1.0
123.82341067,46.91604489,0.0
124.38779438,48.05558615,0.0
132.08767494,45.57340743,1.0
127.00865624,50.55068142,0.5
124.86535368,51.44706812,0.0
127.0574925,49.29898776,0.0
123.08044139,53.22219928,0.0
127.5892074,48.66017508,0.0
128.54321351,49.55549503,1.0
132.07829165,46.90026567,1.0
123.61670001,53.21445216,0.0
128.62085444,49.3815019,0.5
127.50003473,45.31552353,0.0
129.58055767,44.13207837,0.5
130.371439,48.42272539,0.0
132.87820845,47.09648347,0.0
130.84610766,47.88771578,0.5
133.24293533,46.94603132,1.0
127.46208062,49.94537062,1.0
131.40232946,46.93195778,1.0
129.48325786,47.9042209,0.0
126.42945001,51.64125722,0.0
126.41010634,49.02172881,1.0
126.62413004,48.44462997,0.0
125.89619351,48.81852464,1.0
127.32690236,44.77842679,0.5
128.25960923,48.51945717,0.0
130.94555777,45.2724422,1.0
133.89429316,46.69788895,0.0
124.58958068,52.87348558,0.0
133.5962312,47.08974929,0.0
123.07346608,52.53349791,0.0
133.37152602,47.36703966,0.5
127.25048007,49.86837935,1.0
133.59406284,47.1284144,0.0
132.7073108,45.36721998,0.0
123.82690395,51.79839472,0.0
125.90369472,47.8626355,1.0
131.1538111,46.22999128,0.0
122.8659052,53.27317512,0.0
124.83901768,46.54719003,0.0
125.09874097,47.35671442,0.5
132.96143854,45.14252752,1.0
128.67071966,47.44160326,0.0
130.30466915,46.33658781,1.0
128.7377649,44.95369983,0.5
127.99774193,47.90084246,0.0
131.43287173,46.12637898,1.0
132.88028163,45.44729735,0.0
133.2477902,45.70578718,0.0
126.99612063,45.12809613,1.0
128.06562573,47.29479268,0.0
128.32944518,47.16166393,0.0
126.48838131,46.28127856,0.0
125.58186946,48.64325203,0.5
124.31111633,46.35821978,0.0
124.43700221,46.70713408,0.0
130.66030101,45.65469757,0.0
128.45925609,45.86488243,0.0
133.16110132,47.6072515,0.0
129.50818907,46.98007968,0.0
127.22533713,45.56932326,1.0
130.48784522,48.51019049,0.0
131.23064593,47.51509198,1.0
128.68067097,45.85050701,1.0
124.9483301,46.41591319,0.0
124.44823617,45.80005705,1.0
127.67889875,45.18683705,0.5
124.81282775,51.61776342,0.0
126.13456104,49.38523839,0.0
129.38537531,45.78664806,0.0
128.1032882,45.37895545,0.0
131.30145792,45.40813455,0.0
127.55959518,47.82162709,0.0
131.75653391,45.52764244,1.0
132.91735908,45.27619671,1.0
130.06014726,47.34941435,0.0
126.17853926,52.0953496,0.0
133.77449984,46.81702707,0.0
126.28201202,48.38950601,1.0
125.05564905,46.6315044,0.0
129.97234509,46.93133307,0.5
133.24827683,47.14988113,0.0
129.17709616,45.50937936,0.0
121.63215889,52.70645507,0.0
128.58241954,45.41397029,0.5
125.9230412,52.19063217,0.0
127.54870883,45.69108347,0.5
123.39252086,53.45209882,0.0
128.83738347,47.36795848,0.0
130.19198571,47.97795283,0.0
130.29954055,47.69104544,0.0
122.34026488,52.92155068,0.0
122.5170447,53.0690747,0.0
132.90763829,47.3700565,1.0
125.72915304,51.67095652,0.0
127.12066368,48.21387873,1.0
128.91894907,44.1223414,1.0
132.42148054,45.94900965,0.0
133.31494282,46.28527554,0.5
130.07089975,46.80630162,1.0
125.88721541,49.43582856,1.0
124.5939401,52.21508027,0.0
127.14841528,47.48515812,1.0
132.08298437,47.34827345,0.0
133.1481384,46.04549959,1.0
129.6807038,47.53675428,0.0
130.17617807,47.09897416,1.0
127.58444854,49.48345331,0.5
129.18475048,46.1435087,0.5
129.18547702,45.50414829,0.0
123.85577321,48.03556658,1.0
128.41445284,44.81284638,0.0
128.22314278,46.80540507,1.0
133.68724649,46.11918591,0.0
127.96148108,48.39281183,0.0
126.46285797,49.42983008,0.0
125.76235943,51.73635144,0.0
132.77420471,46.15463449,0.0
126.91076048,45.27897276,1.0
131.44794222,47.13779913,1.0
134.10800711,47.07859856,0.5
124.0495617,48.10583746,1.0
122.14804867,53.26581174,0.0
132.86936306,45.50104836,0.0
123.40760473,47.59623666,0.0
133.35871371,47.05598456,1.0
130.37630942,48.54869699,0.0
129.4175184,46.56931399,0.0
121.98906429,53.23257474,0.0
125.26878803,49.73695905,0.0
126.60795844,48.48615417,1.0
126.25158844,47.72530096,1.0
134.23236722,47.83495219,0.0
126.71940089,49.08021658,0.0
133.86682408,48.24825088,0.0
123.7821812,51.74332946,0.0
130.69550049,45.82625467,0.0
128.02597482,45.64688106,0.0
132.85184771,46.55952817,1.0
134.49348405,48.1575241,0.5
126.0278491,52.50846692,0.0
125.11026757,47.98344179,1.0
122.12776715,52.63328507,0.0
130.52728203,47.46747739,0.0
125.20172954,47.00792767,0.0
123.40053519,51.30339158,0.0
125.15301584,45.97738753,0.0
126.25099651,46.52711943,0.5
123.29929972,51.96681643,0.0
124.44362647,47.1705733,0.0
133.52759818,47.98973595,1.0
130.20934563,44.5270513,1.0
133.21725904,46.20399304,1.0
126.18981899,50.13986259,0.0
128.52708157,45.59726004,0.0
126.19863981,49.22599883,1.0
127.16776048,45.01655302,0.5
129.41851845,45.99047802,0.0
129.78788861,44.35093034,0.0
133.18489947,45.76262,1.0
127.51938623,45.80742538,1.0
125.30257309,49.82188763,0.0
128.61902929,45.41455894,0.0
125.40285972,47.80410171,1.0
126.92074047,46.35595973,1.0
126.58325206,51.22535874,1.0
127.46153637,45.36949324,0.0
123.09476612,51.62567483,0.0
126.61786452,50.85078028,0.0
123.45898291,47.06897316,1.0
130.84430368,45.62905427,0.0
126.15216744,48.76203347,0.0
130.42661602,44.8086621,0.0
124.5627413,53.07151727,0.0
129.57897744,47.78298391,0.0
126.07485185,51.17097026,0.0
127.6252679,46.28343116,1.0
127.63563551,45.33542041,0.0
123.89016952,51.88610047,0.0
128.80139529,48.82402119,0.0
131.29744738,46.22463078,0.0
130.70595683,44.54680312,0.0
126.16600913,45.85600091,0.0
130.46612637,45.20242328,0.5
131.37408694,45.82769013,0.0
129.59346811,47.08964487,0.0
130.7104227,46.25024309,0.5
130.65416497,47.24848141,1.0
125.26979373,49.76152922,0.0
129.10736526,44.61934618,0.0
127.83200073,48.30489067,0.0
124.44616118,47.54903404,1.0
128.90238456,46.47205703,0.0
125.77626525,51.29418771,0.0
133.19477683,46.4145792,0.0
127.00941964,48.9289547,0.0
126.28435609,49.47300377,0.0
126.34867506,47.195091,0.0
133.59570031,46.41267821,0.0
129.00093906,47.16406795,0.0
131.91911871,45.49863089,0.5
126.64565393,49.10336064,0.0
129.99713824,45.42565722,0.0
130.98580873,47.35316795,0.5
126.03656675,51.46536638,0.0
125.20623157,52.5361914,0.0
131.61553478,46.99534387,1.0
127.86359652,46.89889644,0.5
126.15568857,47.63792058,1.0
123.62315038,47.17067442,0.0
133.67068664,47.06915798,1.0
122.50769753,53.02708442,0.0
131.97519489,45.77762692,0.0
129.01953636,43.88065406,0.0
126.94943358,47.48272442,0.0
129.96666972,45.0419859,0.5
124.78625069,48.83664142,0.0
127.25148876,47.31920086,1.0
125.13872793,45.83142472,0.0
125.14410343,47.06347151,1.0
127.47989206,45.08047097,0.0
125.9156083,45.70755913,0.0
126.99323453,50.12330174,0.0
130.74355576,46.85991357,1.0
132.04593496,47.04509978,1.0
125.08452657,47.20233509,1.0
128.41809101,46.71495934,0.0
124.49473743,52.05721258,0.0
127.52182148,47.48050653,1.0
129.51853438,47.23423349,0.0
130.2879134,47.0995077,0.0
121.63084482,53.33615089,0.0
128.00482689,46.10179983,1.0
128.87167646,47.74362528,0.0
123.14320851,51.40982692,0.0
129.11823552,48.08960393,0.0
125.7044399,48.4476443,1.0
124.91845483,48.84646064,0.0
129.88606291,47.647721,0.0
124.80833153,48.65341363,1.0
131.64125786,46.92815802,1.0
126.76197919,45.56557059,1.0
128.62781214,45.2732993,0.0
128.97068236,47.19764454,0.0
122.1168637,53.18993248,0.0
125.75113126,52.13981424,0.0
129.81372748,47.57175159,0.0
132.89510492,47.3625126,1.0
126.90739973,48.06001804,0.0
124.22250883,47.93927999,1.0
127.49698365,50.12021603,1.0
124.53959802,53.12222521,0.0
125.32866492,51.93453999,0.0
129.84843828,45.84850654,0.0
127.0640378,45.41815641,0.0
125.80535739,52.40631331,0.0
122.86453508,52.24160614,0.0
123.37906643,47.96405121,1.0
126.59571262,49.08944076,0.0
126.73540317,45.31355405,1.0
127.28281908,44.82530612,1.0
125.884289,48.52573289,0.0
128.35895117,48.00943494,0.0
127.06815483,45.83775429,0.5
129.74376803,48.12611351,0.0
130.04811399,46.51973767,1.0
127.32607458,47.85612981,0.0
126.62903907,50.9700722,0.0
125.69203034,52.33118394,1.0
133.55574638,46.90163038,0.0
130.53199497,46.1041067,1.0
133.06209217,46.65849664,1.0
126.75484809,50.30256283,0.0
126.79524618,50.01546815,0.0
132.81025347,47.71409647,1.0
126.70600384,51.22169842,0.5
127.64476374,46.62079103,1.0
128.37506096,49.55265071,0.0
130.34257707,47.63816403,0.0
127.87316487,44.41509319,0.0
125.27872491,52.95521842,0.0
128.17958687,45.34045247,1.0
122.59438461,52.79373082,0.0
132.97501067,46.34401239,0.0
129.91332249,45.3495531,0.0
129.60114211,49.18419817,1.0
127.23159332,50.24323543,0.0
122.96493139,53.19984738,0.0
123.01526456,53.37891506,0.0
126.15050676,50.32637261,0.0
131.54463481,45.69707739,0.0
125.89728967,49.15889999,0.0
132.97935987,45.59088677,1.0
128.79075987,49.56158945,0.5
125.6185482,52.57852144,0.0
123.68842248,47.94537178,1.0
125.93427171,48.07293915,1.0
133.56395104,45.97831682,0.5
127.30378551,46.32451521,1.0
129.73216414,47.30325269,0.0
126.53146888,51.11356028,1.0
131.64981228,45.45635296,0.0
131.6955173,45.42763177,1.0
123.80244562,52.37726739,0.0
124.12703718,48.15505474,1.0
123.70136218,48.10594013,1.0
128.19347741,45.96310915,1.0
133.10298864,47.97072941,1.0
123.58513639,53.110673,0.0
131.08183586,47.34881596,0.0
128.29455062,47.32556392,0.0
127.6370664,49.45460113,1.0
126.34041029,46.84750504,1.0
122.12863118,52.51209178,0.0
127.4130386,48.58951536,1.0
128.61108154,45.20249912,0.0
130.86088033,45.95951481,1.0
123.44775008,47.13249833,1.0
127.5538661,46.04268739,0.0
122.98310818,52.91920718,0.0
128.27656298,46.68466969,0.0
125.73584406,47.72018032,0.0
124.75441017,48.67149584,0.0
126.53344875,51.59943836,0.0
127.18930596,45.25813476,0.5
124.97865655,52.80753551,0.0
125.03032722,48.99194794,1.0
123.37268788,52.57565736,0.0
126.40165564,51.44360837,0.0
126.47993403,46.75510502,1.0
131.25932957,46.07840974,1.0
132.15199739,46.12569837,1.0
125.84851502,52.41427041,0.0
124.11105848,47.0223901,0.5
129.45602073,44.75713567,0.0
126.69097085,47.43218446,1.0
128.98070664,46.78468303,0.0
127.42128406,47.52459239,1.0
123.39623476,47.21502491,1.0
127.24238662,48.92465269,0.0
126.96413604,51.32319714,1.0
130.80077287,47.85994533,1.0
121.88598248,53.00241819,0.0
128.20793301,45.45780896,0.0
132.82146184,46.94675045,1.0
132.43495759,45.8367624,0.0
127.32034829,48.85828696,1.0
123.45484554,51.27985888,0.0
127.88731198,49.51579473,0.5
130.24820752,44.17664742,0.5
126.79421615,47.23164373,1.0
123.78197986,52.4375473,0.0
127.68201816,48.88683784,0.0
128.26968925,48.83014706,0.0
131.80510838,46.66264841,0.5
127.48035665,44.99535948,1.0
122.90574832,52.66180291,0.0
129.51164602,45.28985016,0.0
131.26895622,45.42712656,1.0
128.4316675,48.7805277,0.0
130.33802861,47.90325276,0.0
125.17455511,48.68333872,0.5
131.16688256,44.98445475,0.5
128.47116925,48.86790299,0.0
123.58642203,47.28181023,0.5
126.85432224,48.88234147,0.0
123.60696418,46.40378673,1.0
130.9013927,44.76668669,0.0
127.01547789,50.2148837,0.0
125.89742609,41.34997583,0.0
124.57861773,43.41840548,1.0
130.39377268,43.12157086,0.0
130.34131109,43.28403329,0.0
125.48795655,42.93989002,0.5
127.48463491,42.42733762,0.0
125.51697314,43.17223439,0.0
125.78063601,44.39457479,1.0
126.78470574,43.18660079,0.0
123.50161963,45.36591756,0.0
123.0879571,45.50292634,1.0
123.74235441,44.10289318,1.0
123.57909867,44.04363089,0.5
126.94427429,43.40737414,0.0
128.66576569,43.14497102,0.0
129.64924725,42.79429424,0.5
122.29391888,45.33085274,1.0
125.25112173,45.19542922,0.0
128.2950978,42.99078009,0.0
125.93280542,41.13381277,0.0
125.93712212,43.18155436,0.0
126.89450071,41.91744746,0.0
126.63185299,43.30018584,0.5
130.48001157,42.93335944,0.5
126.32262693,43.50917981,0.0
124.52764729,44.89750218,0.5
125.75785466,41.41054494,0.0
130.14609589,43.22964922,0.0
131.25874114,43.30587657,0.0
128.56012377,43.79922083,1.0
125.71584575,45.20854574,1.0
128.39892397,42.11058478,0.0
124.75141023,43.99720906,1.0
123.25365963,44.58266957,1.0
123.08626944,44.97883763,1.0
126.14334249,43.26432728,0.0
130.90053526,43.18556865,0.0
124.49385811,43.94696193,1.0
129.33897335,42.59204043,0.0
124.33054417,43.42106166,0.5
130.97234663,42.87171141,0.0
123.96429526,44.93230346,0.0
128.41169802,42.69419226,0.0
128.28778941,42.42269667,0.0
129.32714531,42.57559148,0.0
126.2826136,41.31311965,0.0
125.20706199,43.46539051,1.0
122.59547516,44.29580646,0.5
125.32799022,44.5646426,1.0
125.31916374,44.50026888,1.0
127.76489299,43.12961093,0.0
127.63500233,42.9293789,0.0
126.56536246,42.87207692,0.0
125.77806592,42.21702517,0.0
125.67328927,41.78747945,0.0
128.90121064,42.45148279,0.0
123.95092281,43.87143821,1.0
128.90504929,42.65584984,0.0
122.5379828,45.37664347,0.0
126.88488285,44.40285973,1.0
122.69855874,45.43382527,1.0
126.30316983,43.1591323,0.0
128.89085819,43.51584563,0.0
126.82843281,44.48069403,0.0
125.9245116,44.0432461,0.0
123.59536048,44.52117235,0.5
128.09297655,42.07471337,0.0
127.63003626,44.05824916,0.0
129.9618588,43.91476597,0.0
127.58218773,42.10740325,0.0
123.14427906,44.82783681,0.0
126.37265637,43.62238342,1.0
128.03120295,43.65667558,0.0
126.1294593,41.98712614,0.0
130.26477781,42.70682192,0.5
125.79316139,44.72398191,0.0
123.91296402,45.85228236,0.0
127.51508028,41.86824785,0.0
123.40144632,44.51234879,1.0
122.90989328,45.35384205,1.0
130.2503983,43.7035584,0.5
123.8226266,45.14408066,0.0
123.05958519,45.86663819,1.0
130.56357322,43.36892821,0.0
126.22545569,44.70757168,1.0
125.93625726,44.71918668,1.0
126.58781729,44.67019272,1.0
123.66434021,44.63947895,0.0
125.77787119,43.38148865,1.0
131.03140341,43.42125141,0.0
123.43081588,43.47616934,0.5
122.62356499,44.65038841,1.0
125.80459727,42.92611826,0.0
122.38300402,45.37006738,0.0
125.67838986,45.39169194,1.0
129.698316,43.12975234,0.0
125.67813661,42.06230273,1.0
125.76495774,41.64468637,0.0
126.99183104,42.66209027,0.0
129.01893648,42.75725478,0.0
124.90768964,44.62646771,0.0
122.85145459,45.24126517,0.5
129.56473828,43.89473725,0.0
126.51217024,43.00066238,0.0
124.02944915,45.26525083,1.0
128.81738035,43.00634315,0.0
126.14722328,42.23389365,1.0
123.96863482,44.41055243,1.0
125.30622542,42.43454751,0.0
126.25797759,44.07016617,1.0
128.44085838,43.39979874,1.0
127.22406587,42.87099914,0.0
126.87733062,42.46605124,0.0
125.58187848,44.46606409,1.0
126.07025096,42.47558934,1.0
126.48651674,44.77431275,1.0
127.68311096,41.45470238,0.0
125.66124263,42.68358613,1.0
126.94926436,42.29830741,0.0
124.80309558,45.34990312,1.0
126.08660896,41.16853112,0.0
124.72695255,44.34202114,1.0
124.4933233,44.41744694,1.0
126.9548152,43.8961841,0.0
123.17324438,45.22442706,0.0
128.14054436,42.55979753,0.0
123.64122463,44.42256075,0.0
123.6420709,45.70504593,0.5
125.82325405,42.20577734,0.0
126.4082608,41.50046345,0.0
125.30747967,44.43458505,1.0
126.06608395,43.44896945,0.0
129.16094887,43.54243014,0.0
125.36183583,44.85097444,1.0
126.27526387,43.62253236,0.0
128.08295695,41.47813098,0.0
129.55823066,43.37175517,0.0
129.4537139,42.88123932,0.0
126.02609829,44.35065218,0.0
123.54843354,45.26043479,0.0
127.28526459,41.66338621,0.0
126.52663062,42.24589523,0.0
123.44745266,45.50952924,0.0
125.20539812,44.72095014,1.0
126.06327409,41.30595329,0.0
128.13579002,44.09854991,0.0
126.25933793,44.0124241,0.0
125.90371701,43.81830461,1.0
127.59079236,42.0742184,0.0
122.04210629,45.81410554,1.0
128.60227131,43.83888307,0.0
125.85572942,43.14641852,0.0
130.35853654,43.96927991,0.0
126.18206627,44.69258397,1.0
126.34250202,41.93301662,0.0
123.18155966,44.40711167,0.0
124.0886152,44.23728519,1.0
123.32355538,44.87667827,0.0
123.5790751,44.51400216,0.0
126.60601725,44.03872115,0.0
123.20947665,44.52891453,1.0
127.03012703,42.91307611,0.0
127.20000566,42.45120049,0.0
124.62473867,43.30297548,1.0
125.55962508,44.04122772,0.0
122.27873292,44.96033577,0.0
125.16291004,44.97697455,1.0
130.21925367,43.01598204,0.0
126.14871912,41.70520542,0.0
123.73457329,43.79732414,0.0
123.31956535,44.4796818,0.0
126.33591355,42.37661146,0.5
125.71044032,45.1892735,1.0
127.15912169,41.93301998,0.0
127.65020166,44.1305333,0.0
122.12974629,44.88700352,1.0
130.05691608,43.78141139,0.0
129.38968142,43.3905707,0.5
125.90296415,43.96926982,0.0
127.65084841,43.94309921,0.0
129.96292342,43.44726466,0.0
124.44164058,44.98805196,0.5
130.74872127,43.07600828,0.0
125.6713277,42.29546958,1.0
127.17010662,43.221799,1.0
123.10122881,45.08820241,1.0
129.4152613,43.71821984,0.0
126.3607993,43.24792741,0.0
123.92767124,43.76036104,1.0
129.4576408,43.78274099,0.0
125.65968425,44.34769455,1.0
125.67768657,44.63031102,1.0
127.35051887,41.47338325,0.0
130.30155495,42.84861592,0.0
127.02505688,44.6436355,0.5
129.49354307,43.87132531,0.0
123.46027876,44.76404277,0.0
129.16501911,43.05630335,0.0
127.84032234,43.03953999,0.0
122.96829238,45.46911352,1.0
127.12244244,44.20728012,0.0
128.44056232,44.21933442,0.0
122.25775988,44.86002268,0.0
127.33534067,42.54074318,0.0
124.2237842,44.33158897,0.5
126.83244482,43.69467824,0.0
124.62309054,44.51811267,0.0
127.18760339,44.18940778,0.5
127.52055386,41.60289831,0.0
126.48976466,42.61684348,0.0
123.89051569,44.11818792,0.0
122.36583221,44.31763466,0.5
130.86726057,43.47791377,0.0
125.38443918,44.8263203,1.0
126.81772429,43.73838357,0.0
129.49952488,42.52575164,0.0
128.65715686,42.80739932,0.0
124.33004729,44.8706006,0.0
126.43336029,45.21135168,1.0
127.26115113,44.39395635,0.0
126.94860103,43.47285488,0.0
124.20249435,44.66795869,1.0
128.41231055,43.65507816,0.5
127.5638127,42.07187994,0.0
125.79670113,42.7009516,0.0
130.26503126,43.52804644,0.0
126.75151654,43.61338931,0.0
124.69563099,45.40167329,0.0
124.90958701,44.47553433,1.0
127.48526203,41.48907678,0.0
125.5407585,45.17891024,0.5
125.78196563,41.07711307,0.0
124.4240389,43.0444494,0.0
130.72196171,43.43808696,0.0
126.35349251,43.41396123,0.0
127.54640426,41.73350929,0.0
127.85335949,42.03871329,0.0
124.88864073,45.09607502,0.5
125.0476411,43.54528139,0.5
127.3025874,43.88971637,1.0
122.44998241,44.38687989,0.0
127.6560628,41.63253117,0.0
123.68056892,45.21341139,0.5
127.35018749,43.84322709,0.0
125.36533765,42.72181617,1.0
125.14737967,45.30831848,0.0
124.80322044,43.15778271,0.0
122.46518515,44.59869308,1.0
123.452639,44.1782083,1.0
124.40816087,43.1585326,0.0
127.23135187,43.49205249,0.0
127.47929805,44.3477842,0.0
124.10180366,45.57540281,0.0
126.36680979,41.35444183,0.0
124.69293168,43.83688915,1.0
125.46146072,45.35103728,1.0
123.25952425,45.63395685,1.0
126.21738072,44.28722043,0.5
126.37960352,42.3792975,0.0
125.78836352,43.19571274,1.0
129.70851538,43.59997079,0.0
124.54843886,45.18268459,0.0
124.6502282,45.15939702,0.0
125.62628095,43.54531624,1.0
124.00785372,45.28485725,0.0
130.53162206,43.3601417,0.0
126.61697152,42.70147472,0.0
126.30850372,42.20198464,0.0
126.07345446,43.78594825,1.0
129.57542449,43.1933361,0.0
127.37737287,43.40805044,0.0
125.62566706,42.137253,0.0
129.13470187,43.12778151,0.0
125.87190288,43.17792206,0.0
127.62451959,43.62554605,0.0
130.11870025,43.12467561,0.0
126.36818119,42.82943439,0.0
126.14907727,44.68475795,1.0
125.90385664,44.57876154,1.0
123.63570897,45.33852279,0.0
124.24610577,43.28906352,1.0
124.86497561,45.11202804,1.0
129.61380834,42.76056661,0.0
123.77835909,44.18812617,1.0
123.34457294,44.17933913,1.0
127.07025709,42.71404839,0.0
124.18764059,44.50351859,0.0
122.92294272,44.53933142,1.0
129.24832924,43.57575401,0.0
125.05285542,44.73118674,1.0
126.72409722,42.3234359,0.0
123.85841907,43.93996986,1.0
127.80050492,43.72379012,0.0
127.43517558,42.18910842,0.0
125.52473337,42.78997023,0.0
122.28349881,45.32924714,1.0
126.27454288,41.49922877,0.0
123.39606812,46.01085775,1.0
128.35336226,44.01814771,0.0
126.05860183,42.16688827,1.0
124.58837293,43.91098849,1.0
127.06406694,43.28535585,0.0
127.51422111,41.94282067,0.0
129.35725616,42.93064499,0.0
131.13644147,43.26850958,0.0
123.67727403,44.11679532,1.0
123.18702022,46.23514381,1.0
123.87307706,44.08879665,0.0
126.83609279,44.12104769,0.0
127.05466824,43.35679796,0.0
123.54735809,46.18797243,0.0
125.60542108,42.36694031,1.0
125.96132432,43.72913618,1.0
126.48294957,42.8766833,0.5
128.94813232,43.34201631,0.0
127.05507895,45.00730064,1.0
127.95039544,42.79660452,0.0
129.04634722,43.15490542,0.0
126.33466855,42.97384917,0.5
127.73930139,42.91052856,0.0
128.26063599,44.04448842,0.0
128.26864505,43.95940111,0.0
124.43575827,45.19450338,0.0
125.19001227,44.81056595,1.0
127.15086506,42.80429095,0.0
125.62484946,42.7328047,0.0
126.62714677,43.33783543,0.0
130.44912299,43.03731814,0.0
122.40208391,44.93423191,0.0
125.87145176,42.81012856,1.0
128.30418525,43.93120365,0.0
124.28025048,45.0421352,1.0
128.19588161,42.2156702,0.0
128.33452376,44.08900212,0.0
125.84499722,44.65199346,1.0
126.38846563,44.74495931,1.0
122.19149013,45.58446114,1.0
124.88454566,45.43410878,0.0
126.41508115,43.51657598,1.0
126.41530014,42.2669781,0.0
124.08983663,45.62160603,1.0
126.23735985,44.60953601,1.0
128.39579701,42.19089101,0.0
126.51268195,42.5939141,0.0
123.91826976,44.61308341,0.0
125.49628413,45.42039948,1.0
125.42953707,44.40500146,1.0
122.69525899,44.82063119,0.5
127.82729489,41.79045687,0.0
125.82078444,42.4663521,1.0
123.92607098,45.80038527,0.5
124.4227835,43.22239904,1.0
125.48398835,45.08776466,1.0
123.49152799,46.18591451,1.0
128.81742874,42.15002266,0.0
125.99762958,42.53274618,0.5
127.46782395,43.18233254,0.0
128.09498587,43.21007223,0.0
126.57739164,44.30543218,0.0
127.42014975,42.47661541,0.0
123.33821151,45.08952974,1.0
128.85122101,43.52464256,0.0
129.46570759,43.46390924,1.0
125.67146553,42.081523,1.0
126.41589226,41.83903178,0.0
128.01628888,42.32757733,0.0
127.58291027,42.12969155,0.0
126.68433976,43.55454107,0.0
126.67360002,43.56074219,0.0
129.92715099,43.21302623,0.0
123.49725728,45.85893164,0.0
122.29885101,45.15758335,0.0
127.22448124,43.08134243,0.0
128.47816206,43.3860938,0.0
127.25611861,42.31421732,0.0
128.27564466,42.45814643,0.0
127.30448036,43.58549825,0.0
127.22807728,41.79296326,0.0
125.85716654,44.86286291,1.0
127.99812787,41.83808336,0.0
127.43251187,43.16020003,0.0
126.63041143,42.8774256,0.0
124.37226924,43.63472353,1.0
127.12843511,42.53726187,0.0
128.08817954,41.54632036,0.5
124.01412407,45.1570175,0.0
129.49812762,42.8470623,0.5
125.21609708,44.73835304,1.0
128.07117874,43.82240255,0.0
127.19962606,41.6072432,0.0
126.87706299,45.00834603,1.0
124.96873932,45.43530162,1.0
125.57615985,42.74608643,0.0
123.25815554,44.39767026,0.0
124.98469267,45.10253248,1.0
124.48304347,45.26977377,1.0
123.20266655,45.57625572,1.0
130.28597576,43.33235922,0.0
128.41690213,43.5252053,0.0
130.05801188,43.37149256,0.0
126.45404825,43.19986837,1.0
126.17893134,41.76178412,0.5
129.93021488,43.70726238,0.0
126.462613,44.37857969,1.0
123.79094159,44.84990408,0.0
124.97048934,42.82920883,0.0
122.94236332,45.11937703,1.0
125.6297173,43.40310093,1.0
129.09452611,42.77986531,0.5
128.15070514,43.92105172,0.0
125.63501223,42.46622424,0.0
127.14049332,42.52694122,1.0
130.36515232,43.67873224,0.0
128.46067664,43.96934624,0.0
123.93905063,43.53469123,0.5
127.04643661,42.25610579,0.0
127.6049739,42.64227908,0.0
129.44954543,42.80278753,1.0
130.26617527,43.43779367,0.0
126.05910014,44.99635278,1.0
125.66148053,43.97257184,1.0
125.77602526,42.70913013,1.0
124.73730583,43.29266764,1.0
126.34582633,42.53963829,1.0
122.4233307,45.64848204,1.0
129.3647907,43.16544404,0.0
125.34960663,42.74910803,0.5
126.31434766,44.99800789,1.0
126.55765009,44.95918632,1.0
128.27488398,42.53627754,0.0
125.46651431,42.89026495,0.0
123.16150107,46.18028025,0.0
127.17033476,43.57141651,1.0
127.1903871,42.19787974,0.0
124.71929705,43.74363086,1.0
123.64612942,46.08696038,0.5
125.8300269,42.20993033,0.0
129.07560371,42.76593941,0.0
128.10369351,42.61279714,0.0
127.35357401,42.74828764,0.0
128.08859084,43.139098,0.0
125.16209862,44.24083459,1.0
125.50630766,41.91613437,0.0
129.67201919,43.51439641,0.0
122.5047561,45.40513874,0.5
128.46843601,42.55186187,0.0
128.02923838,42.94345736,0.0
125.68734733,43.08663559,0.0
126.30626642,41.97574289,0.0
122.1113952,45.71622549,1.0
123.09313283,46.11371393,1.0
126.88799573,45.06128525,1.0
123.83064726,44.66800398,0.5
124.70637389,44.98086742,1.0
127.75243909,42.8230633,0.5
126.90526914,44.88332271,0.5
127.71864916,42.63958104,0.0
127.56304317,41.88127512,0.0
123.3087665,45.42609574,0.0
125.40893551,42.8727361,0.5
124.57857109,45.15416742,1.0
125.60251727,42.77697152,0.5
125.33470863,42.45727648,0.0
123.08205057,44.98489054,0.5
125.96637428,41.3853779,0.0
130.76766609,43.56424464,0.0
127.55591471,43.74167113,0.5
125.88521385,41.55954018,0.5
127.82219028,43.56632115,0.5
126.48352742,44.16082303,1.0
125.48497237,43.96922364,1.0
129.09248625,42.24852424,0.0
128.08683261,43.20273039,0.0
127.08475201,42.17024877,0.0
125.88047637,44.32190282,1.0
127.19264428,43.40774225,0.0
126.64338571,42.83587224,0.5
128.43129437,43.12322748,0.0
124.73626334,43.42468833,0.5
127.75879067,44.10533471,0.0
125.9891742,44.46799904,0.0
127.01981989,43.04397543,0.5
127.01239905,42.04276869,0.0
122.70380916,45.08637539,0.0
130.3493704,43.92010974,0.0
125.03052583,45.43228152,0.5
126.28094759,43.87839757,1.0
127.29005427,44.23064325,0.0
127.49753965,42.82266195,0.0
130.61524693,43.456617,0.0
121.82536571,45.85943596,1.0
122.37976501,45.0940914,0.0
123.27118649,44.64237226,0.5
125.81076942,41.74296895,0.0
127.00164694,44.65258535,0.0
128.36803454,44.16887774,0.0
125.95177295,43.64354545,0.0
130.19085049,43.74910188,0.0
125.82938145,42.00750731,1.0
128.71739632,42.22246792,0.0
123.79613872,45.77845902,0.5
124.34234359,43.44851641,1.0
126.25226041,44.49562341,1.0
124.49950861,44.94987107,0.0
127.71849655,44.10376397,0.0
126.98343164,44.37425334,1.0
123.45963927,45.97315871,1.0
127.532192,42.24590924,0.0
126.09709747,44.62259189,1.0
126.48506418,42.79515447,0.5
123.85775761,44.93860655,1.0
127.49588508,43.85801779,0.5
127.97433549,43.75451581,0.0
128.5063345,42.83044473,0.0
124.20562668,43.90708439,1.0
124.62161712,43.23006412,0.5
125.17065693,43.97747996,0.0
125.12746441,43.22557784,1.0
129.57927145,43.7536821,0.0
122.86365313,45.09941328,1.0
126.62552958,41.8951766,1.0
130.72838445,43.07483208,0.0
124.32156754,44.86313076,0.0
120.27056414,41.42458618,0.0
122.48580323,41.69206209,1.0
123.10921779,42.05349169,0.0
123.7725045,42.0821044,1.0
123.06409344,40.45670537,0.0
123.46419709,41.84362846,0.0
122.15706811,40.10353279,0.0
122.67613421,40.30229384,0.0
122.23401368,42.37055751,1.0
124.98661063,41.77111207,0.0
125.11130161,40.648595,0.0
122.46305951,40.5152952,1.0
122.0212097,40.98988051,1.0
125.34344431,40.78748309,0.0
122.39176934,42.21491459,0.5
121.31964382,38.86266353,0.0
123.72907329,40.76851269,0.0
120.7678096,40.68183001,0.0
119.93820859,41.44649534,0.0
119.0309057,40.77961405,0.0
123.9410173,40.57208209,0.0
123.16998958,40.05420852,0.0
124.83401168,42.00973213,0.0
122.04534904,41.76170012,0.0
124.54542288,40.97031541,1.0
120.6484291,41.92825506,0.5
122.0196713,39.81771015,0.0
124.46390254,40.98955619,0.0
119.46894915,40.93496503,0.5
120.45315448,41.63168445,1.0
121.92446072,41.73445751,1.0
125.43198452,41.57850088,0.0
119.96106346,41.56182521,0.0
122.84367379,41.32499691,1.0
122.36459874,41.69818457,1.0
121.7115329,39.5781376,0.0
120.16132742,40.57991153,0.0
123.28335462,42.93495054,0.0
123.02581948,42.53666677,1.0
120.33569946,40.28892618,1.0
122.58748103,41.67132605,1.0
121.85147677,39.64000095,0.0
124.40633555,40.45509651,0.0
123.34474659,41.74270229,0.0
124.72085859,42.38182545,1.0
125.03439854,40.70501113,0.0
124.98083861,41.16823552,0.0
124.03034054,40.12562116,0.0
123.76993038,41.00607379,0.0
123.10999148,41.84422532,1.0
123.84544269,42.35222937,1.0
123.66038142,39.85878972,0.0
121.52879926,42.0494258,1.0
122.13219771,41.22501504,1.0
123.96707124,39.9397732,1.0
120.96038786,41.1673451,1.0
124.61554914,41.33135719,0.0
124.06571171,41.61742233,0.0
121.71133585,41.53940613,0.0
122.90978606,40.19940861,0.0
124.63386041,41.5884846,0.0
122.13074662,39.35725659,0.0
121.89758337,39.46844383,0.0
122.03821821,39.2576907,1.0
123.56701137,41.58810313,0.0
123.70310979,43.01261859,0.0
124.88623068,40.64371138,0.0
119.96584981,41.3107437,1.0
124.54056788,41.93504778,0.0
122.15443071,39.25742269,0.0
121.79060044,39.26320278,0.0
121.86454323,41.06809525,1.0
123.41925647,41.63696423,0.0
124.1365599,41.05791566,0.0
122.65640039,41.7345146,1.0
123.75701003,41.46420692,0.0
122.67131344,41.23143961,1.0
121.44607798,38.93794507,0.0
121.35717917,41.61743132,0.5
122.42517337,40.37153494,0.0
124.64083793,41.76915188,0.0
122.87314256,41.11534377,0.5
124.3950431,40.57976013,0.0
119.18945202,40.96927732,1.0
119.59267468,41.51781475,0.0
123.40841485,42.89649633,0.0
124.22221566,42.39469654,0.0
119.68483093,41.23295125,0.5
121.01068331,41.2798441,0.0
123.72034184,43.19766919,0.5
124.71230842,41.8834775,0.0
124.83963393,40.69836686,0.0
121.18258049,38.82741621,0.0
122.84332606,40.09260661,0.0
123.88439941,40.84168577,0.0
122.94779531,42.7628747,1.0
123.49664337,40.15717637,0.0
123.09167775,40.44300097,0.0
121.64077521,41.6213527,0.5
123.57384434,41.72427685,1.0
125.16148577,41.65003989,0.0
120.88366657,41.9668233,1.0
122.37869555,39.50098702,1.0
120.01632732,40.49457151,0.0
119.88000437,40.24896877,0.0
121.53134677,42.39028827,1.0
124.63634898,40.86943072,0.0
122.95875099,41.6331412,1.0
123.60780935,42.88930909,1.0
123.51442664,42.26711415,1.0
124.45281852,41.25877395,0.0
125.35718443,40.76246355,0.0
123.79295718,41.20309862,0.0
122.33299159,41.6254298,0.0
123.6010541,41.7911563,0.0
122.91258146,42.05394736,0.5
122.71336685,42.13484648,1.0
123.41304152,41.131639,0.0
120.93563499,42.14259066,1.0
124.66922339,41.4008444,0.0
121.64785046,39.43946507,0.0
122.81269011,40.21155645,0.0
122.71598366,42.43810419,1.0
121.99540871,41.92433332,1.0
122.49889985,39.76686092,0.5
122.50044918,41.06788577,1.0
121.17047813,41.33917392,0.0
124.58391761,41.87048916,0.0
123.02534176,40.09713478,1.0
122.12557494,40.97414364,0.0
125.01543286,41.52860201,0.0
124.93743122,41.731432,0.0
123.88812501,42.30903835,1.0
124.42892668,42.37992692,0.0
121.11846298,41.69031356,0.5
125.02808163,41.669734,0.0
119.92397248,41.31586166,1.0
119.41688681,41.81367075,1.0
123.36583979,40.07107486,1.0
122.59505414,39.81261345,0.0
119.38823411,41.00195399,0.0
124.20496607,43.06566551,0.0
122.79792164,41.24749481,1.0
123.73845091,40.9292008,0.0
121.21773163,41.16481152,0.0
125.38681967,41.30693498,1.0
123.72649454,41.26566926,0.0
124.14858597,42.89137753,1.0
119.74035898,41.55759639,0.0
122.78882897,40.60527569,0.5
123.65956688,40.12824526,0.0
119.63211367,41.381917,1.0
122.20135957,40.08820308,0.0
121.59718328,42.1104212,0.0
123.40330393,42.44579431,0.0
123.23723597,40.0496858,0.0
121.39721102,41.22760186,0.0
121.18341886,41.02909424,0.0
122.65532026,40.21603697,0.0
119.72682914,41.15143659,0.0
122.70315816,39.92491992,0.0
122.31013725,39.6923943,0.0
124.64052474,41.3632308,0.5
121.90986437,39.98206594,1.0
123.21733748,39.83475702,0.5
124.79528685,40.92199569,0.0
121.91204747,42.40230875,1.0
122.95812932,42.66021199,0.0
124.29282476,43.01914055,0.5
124.52763991,40.91828922,0.5
122.10159683,42.57088033,1.0
124.14983525,41.6262997,0.0
120.63280243,41.82168515,0.5
122.41355882,40.56356997,0.0
124.80847965,42.22585494,1.0
120.66674818,41.95302729,1.0
125.00341861,42.38785093,0.0
123.66542632,41.76890664,1.0
124.78606322,41.42947138,1.0
122.49544489,41.43759854,1.0
122.89879559,40.00537596,0.0
121.92956657,40.02002374,0.0
125.37669666,42.11009011,0.5
123.03342631,40.42307933,0.0
122.71810004,40.18629627,1.0
125.2641008,41.17985615,0.0
124.70464167,40.97812534,1.0
119.14243219,40.91739036,0.0
122.49398312,41.27637384,0.0
121.65892059,42.25975132,1.0
120.2176527,40.77327206,0.0
121.07925267,41.70824872,0.0
121.58176071,39.51018875,1.0
124.25148063,40.64446637,0.0
123.26280782,40.06336767,0.0
124.34747489,41.09610045,0.0
123.86463767,40.88403887,0.0
124.30659141,41.11688173,0.0
120.39244506,41.31154631,0.5
121.90203677,41.80947474,1.0
122.07473555,42.54931669,0.0
123.12692446,41.04203265,0.0
120.68676213,41.67117955,0.5
121.62144816,39.70496601,1.0
119.9636696,40.3171243,0.0
123.11198423,40.6343657,0.0
119.95090766,40.36298494,0.0
124.52102011,40.49291034,0.0
122.44594885,42.68093922,1.0
124.36193786,40.76207823,0.0
120.65553799,41.61992271,0.0
121.89136339,40.85365847,1.0
121.38875956,41.62257333,1.0
123.28075849,42.93252562,1.0
124.15383829,42.2506242,1.0
125.29028698,41.6630584,0.0
119.48668148,40.94749565,0.5
123.58151119,41.55801269,0.5
120.97450264,40.99101433,1.0
124.09765606,42.98670541,1.0
125.04817232,41.67015788,0.0
123.33353246,41.8131746,0.0
122.89439367,39.68625265,0.0
124.36359832,40.31146902,0.0
125.14204571,42.37067126,0.0
124.69689238,41.31177381,0.0
123.47047673,40.16428486,0.0
123.38011388,42.35318892,1.0
119.95138488,41.48859693,0.0
123.50417561,42.70433999,1.0
122.40258041,41.60636662,1.0
123.31387005,41.32341054,1.0
118.89222726,40.81807209,0.0
122.53025125,40.83524126,0.0
121.91741193,39.36735581,0.5
124.11661823,42.01811373,1.0
124.24238437,43.08704479,1.0
125.05600129,41.09022279,0.0
125.24381323,42.2974643,1.0
123.79145221,41.30064348,0.0
120.21114944,40.44367404,0.0
120.74791341,41.15490514,0.0
122.44877778,41.85735192,1.0
121.83028747,41.44437862,1.0
122.02658853,41.39206126,0.0
122.94057716,42.21794093,1.0
122.82747867,41.02744935,1.0
120.56389448,40.94125263,0.5
119.61511079,41.47658344,0.0
123.09517323,42.79247047,0.0
123.19355015,40.01075026,0.0
123.37153425,40.45132336,0.0
122.59678153,41.55285336,1.0
121.99866621,39.60784446,0.0
122.72245627,39.73368674,0.0
119.47421332,41.21876557,0.0
123.60985599,40.74968406,0.0
121.93629648,41.4155683,1.0
121.74410278,39.86105251,1.0
123.20550141,42.50773912,0.0
121.56665949,38.91662756,0.0
125.21417163,40.9491175,0.0
120.41990072,41.44966374,0.0
121.88588171,41.44571131,0.0
122.22493593,41.65663603,1.0
124.15708783,42.26589179,0.0
119.60732793,40.5098355,0.0
119.60494352,40.47661542,1.0
123.95968643,40.35043978,0.0
123.19292003,40.16560497,0.0
123.26761995,41.61273804,1.0
121.73873551,41.03809731,0.5
122.17798828,41.97133945,1.0
122.99628794,42.15561539,0.0
124.40792786,42.89458302,0.0
121.72131449,39.45403977,0.0
119.76421288,41.04331656,0.0
121.9379176,41.8430646,1.0
122.6395257,41.15519464,1.0
124.00384882,43.25891567,1.0
122.79538414,41.31955305,1.0
124.37961143,42.10504423,0.0
125.20685741,40.93343525,0.0
123.004616,41.68333948,1.0
125.18784047,41.60745357,1.0
123.25159977,41.49105272,0.0
123.83515446,41.27015154,0.0
119.29424329,42.18022613,0.0
119.47854259,42.02943896,1.0
120.73577802,42.12498821,0.0
122.66932362,40.28068708,0.0
123.95182153,40.17038998,0.0
123.4326393,41.51370056,1.0
119.98513851,41.34552558,0.0
122.46095843,40.68749556,1.0
122.26074542,39.37327316,0.0
123.81753011,43.39354271,0.0
124.61128164,42.85928939,0.0
123.74556931,40.58059503,0.0
120.54382756,41.40162081,0.0
122.55900263,40.26129496,0.0
121.15458296,38.75692037,0.0
123.22569115,40.89171085,0.0
120.56842999,41.66793064,0.0
124.67177455,42.87847755,0.5
124.17875324,41.63070813,0.0
122.62768834,41.3067246,1.0
122.92995673,40.86717619,0.0
124.28696134,42.80959475,0.5
124.90335124,40.68727887,0.0
123.57514731,41.14968919,0.0
123.7326155,42.10866999,0.0
119.76235831,40.70126813,0.0
123.52600278,40.52492952,0.0
123.96652259,41.42462164,0.0
123.92477651,43.02949766,1.0
122.27862261,42.17935238,1.0
124.36348163,41.57306941,0.0
120.17472127,40.75807379,0.0
120.67880911,40.779802,0.0
121.18337498,41.75844161,0.0
125.48417704,41.50023879,1.0
122.63292205,40.95380729,0.0
124.1755412,42.05273934,1.0
120.77546187,40.85335544,0.5
123.17412367,39.80731107,1.0
124.07552496,40.28659419,0.0
124.27866668,42.56466046,0.0
125.05179062,40.75677209,0.0
119.28812405,41.18490742,1.0
124.37480384,41.812701,1.0
122.94119052,42.21298369,1.0
124.16514074,40.70313963,0.5
124.74740504,41.35955613,0.0
122.06163949,39.89892168,0.0
122.9313258,40.26724466,0.0
124.21155053,41.89957337,0.0
121.80928024,41.46631048,1.0
121.07892072,41.44378955,0.0
121.80223802,39.91768185,1.0
119.49311817,41.18596232,0.0
121.41723125,41.24217676,1.0
123.17626481,39.75195859,1.0
121.5882925,41.07247396,0.5
123.87827671,41.48878666,1.0
123.8230388,41.68707991,1.0
123.78865467,42.69826882,1.0
120.87784504,40.93995814,1.0
124.41428734,42.07295259,0.0
123.44499608,42.40970236,1.0
120.06512935,41.42425782,0.5
122.12592655,41.16172704,0.0
122.7562772,41.02365181,0.0
124.02077593,41.84515279,0.0
119.77036582,41.16651034,1.0
125.31983681,41.79088476,1.0
124.24983016,40.92060382,0.5
122.10788759,42.25301763,1.0
124.9336657,42.7994973,0.0
120.80238596,40.7789448,0.0
121.23653961,41.03410689,0.0
124.22035116,42.71371519,1.0
123.11238634,40.05394545,0.0
123.2438457,39.94834788,1.0
121.93238973,39.41769721,0.0
121.8865814,39.40632853,0.0
123.09872639,42.08882226,0.0
122.77121961,42.00231236,1.0
121.47750052,38.9399523,0.0
124.4458486,42.28134923,0.0
125.28810004,41.72007969,0.5
123.37597187,40.78384753,0.0
119.3062417,41.2408866,0.0
119.78067758,41.87115854,0.0
121.51429748,40.98288459,1.0
123.74481571,40.74235664,0.0
123.32887475,40.42365718,1.0
124.3031677,42.17018335,0.0
123.62019773,40.08335227,0.0
121.5179407,42.36441066,1.0
121.54977796,41.41146669,0.0
122.15640077,41.03832974,1.0
124.98074747,41.7493732,1.0
122.30430273,39.74699979,0.5
121.18400902,42.10848062,1.0
124.37381735,41.58371087,0.0
119.2204038,41.2277621,0.0
121.91687655,42.47438727,0.5
120.11984316,40.51952548,1.0
123.21638912,41.38799398,1.0
124.20730859,40.1342685,0.0
121.77569035,41.04799586,0.0
119.39782585,40.91886484,0.0
122.54868388,42.21829408,1.0
123.03052099,41.23149908,0.0
122.72949596,41.24900584,0.0
121.85070748,39.41994102,0.0
125.39025025,40.85234737,0.0
122.68956678,40.15797119,0.0
123.21459047,42.15835488,1.0
125.72158687,41.25297415,0.0
120.11341887,41.32054011,1.0
124.91339475,40.82669905,0.0
124.16375626,41.0120314,0.0
123.50345708,43.02222776,1.0
121.76868313,39.19681981,0.0
120.06340457,40.57366248,0.0
124.84433357,40.49831431,0.0
123.29039768,43.00677832,1.0
122.75578351,41.13500526,1.0
123.75295392,42.18054769,1.0
119.88260859,41.73905088,0.0
122.88814338,40.37496701,0.0
119.76509697,40.84268117,0.0
123.11462366,41.03965512,0.0
122.75259437,39.91974267,0.0
124.19898213,43.02739143,1.0
124.41740801,42.00087063,1.0
124.00176125,40.93659398,1.0
119.67869878,41.12017393,0.0
124.40377434,42.32026856,0.0
124.06068543,40.85653661,0.0
121.99482521,41.50246883,0.5
123.74271023,40.15904272,0.0
120.38759146,40.22774936,1.0
122.46358052,41.31814466,0.5
123.31830733,40.40354358,0.0
125.04320854,41.90106619,0.0
121.93555325,39.88638765,0.0
124.94075017,42.38507769,0.0
119.6659771,40.62310774,0.0
120.79564863,42.13083037,0.0
124.96005101,40.52945735,0.0
120.27892687,41.39447506,0.0
122.84106427,40.262968,0.0
119.87219717,40.75556506,0.0
123.40023828,41.15273161,0.0
124.81849956,42.96824082,1.0
124.2405297,41.29543677,0.0
124.0321634,42.00335126,0.0
120.91669334,40.78604153,0.0
123.39830494,42.87663332,1.0
121.57575274,41.63640332,0.0
124.11489493,42.85860558,0.5
123.26371311,40.61227391,1.0
120.3670394,40.91514717,0.0
122.6380083,41.97233047,1.0
121.67783892,39.59020879,0.0
124.2615817,42.20606638,0.0
122.86369783,42.50681963,1.0
124.03167272,40.3145885,0.0
124.28029,42.07682699,1.0
125.29830901,41.66018866,0.0
119.37336324,41.92714825,1.0
123.25165119,42.7121705,0.0
122.2131385,42.18480254,1.0
119.81212986,40.31792372,0.0
122.15612628,39.7351113,1.0
124.50259752,40.26034153,0.0
122.87570745,40.18874475,0.0
124.93807389,41.08979527,0.0
124.1657519,43.21545811,0.0
123.74999569,43.13929116,0.0
123.85776478,41.05738596,0.0
124.88862687,43.07970379,0.0
121.40683959,38.94118255,0.0
123.30034633,42.72421581,0.0
125.09669227,42.20073965,0.0
120.61227022,41.431139,0.0
120.52888525,41.29338262,0.5
124.48258398,42.01648501,0.0
120.8378827,41.48758589,0.0
121.60265862,39.43760657,0.0
121.84445373,40.97999214,0.0
122.20123645,41.8385803,1.0
122.21443238,40.89183007,1.0
121.452595,42.14988502,1.0
122.14942094,40.85056848,0.0
118.97704746,40.72876786,1.0
122.51626183,42.06824885,1.0
124.49915602,41.00509142,0.0
121.08991138,41.69213204,1.0
120.41300058,41.52544573,0.5
122.68986612,42.70289826,1.0
119.89430594,41.60804332,1.0
124.23830184,41.67225456,0.0
124.78324455,40.71663315,0.0
120.3254308,41.92204261,0.0
124.79986237,41.06291265,0.0
119.67579345,40.45624191,0.0
123.84179854,42.30460358,0.0
121.99306766,41.92894001,0.0
119.07488238,40.90097046,1.0
120.88412385,40.88022375,1.0
121.69618901,41.71858917,0.0
123.64372338,41.67741676,0.5
123.60727604,42.31754316,1.0
122.71925008,42.55279916,1.0
124.3166544,40.77360623,0.0
124.99752013,40.66597507,0.0
124.11548744,43.09248849,1.0
124.84379194,41.12041257,0.0
124.98583087,41.34007255,0.0
119.71677394,40.73554078,0.0
121.21220136,41.01967214,1.0
124.75636284,42.57923933,0.0
120.94355366,41.22380564,0.5
120.8786132,41.26880576,1.0
122.6208164,41.16657119,1.0
122.46958637,42.64542585,0.0
122.81692962,41.72002882,1.0
122.65030755,42.50883836,1.0
120.738618,41.36467804,0.0
123.15347378,42.60621101,1.0
123.42154055,40.16599923,0.0
121.89835695,39.98758702,1.0
120.0709856,41.13213982,0.0
122.28135176,39.8145579,0.0
125.19012614,40.6598537,0.0
122.25733133,41.39265665,0.5
120.41632349,40.47274352,1.0
119.42613567,40.84101696,0.5
122.94694345,40.82479843,0.0
124.73901272,41.62213778,0.5
132.29026475,46.96458385,0.0
123.86760312,45.32646839,0.0
128.42451514,43.54942766,1.0
121.40013264,38.96986016,0.0
