is_crop,latitude,longitude,subset
1.0,11.63832548,33.47231322,testing
0.0,10.9121322,34.80428499,validation
0.0,11.11721921,34.57717605,validation
1.0,11.22487642,33.36477325,testing
0.0,12.49533245,34.56888212,testing
0.0,10.32418661,34.23104593,testing
1.0,11.73393545,34.14353555,training
1.0,12.32183572,33.94850208,validation
0.0,10.77140812,33.63815363,validation
0.0,10.7444617,33.16958607,testing
0.0,11.31710393,34.64531611,training
0.0,12.01749345,34.25567672,training
0.0,10.75755059,33.56157007,testing
0.0,11.78304191,34.3525464,testing
0.0,11.60507859,34.92444968,testing
0.0,10.43198175,34.25489049,testing
1.0,11.61519745,33.2918214,validation
0.0,11.98617671,34.61268665,testing
1.0,11.65356398,33.22352258,validation
0.0,10.11244879,33.98180561,testing
0.0,9.98253711,34.05950629,testing
0.0,10.80820604,33.23570303,validation
0.0,11.46253201,34.66869922,validation
0.0,10.08708166,34.02356829,testing
1.0,12.06288868,34.09359733,validation
0.0,10.42002274,33.6856084,validation
0.0,12.50252178,34.46295201,testing
1.0,11.60597563,34.30178382,validation
0.0,11.00159351,34.10142829,testing
1.0,11.69781539,34.57248411,testing
0.0,11.02799847,33.84032772,training
0.0,10.90549871,34.04007093,training
1.0,11.71544927,33.38188088,training
1.0,11.63590175,33.3627039,testing
0.0,12.3161293,34.59005811,testing
0.0,11.97078623,34.29007195,validation
0.0,11.21837706,34.51013069,validation
0.0,11.27554114,34.02450674,testing
0.0,12.4078387,34.40876555,validation
0.0,10.88827443,33.80994124,testing
1.0,11.98093528,33.59655808,training
0.0,11.41200558,33.85839895,testing
1.0,11.44125366,33.44198462,validation
1.0,11.95343498,33.38359563,testing
1.0,11.55542158,33.53124642,validation
0.0,11.61274386,34.95745668,validation
0.0,10.92712218,33.2098886,testing
1.0,11.57286096,33.76851002,training
0.0,11.61551845,33.21040628,validation
1.0,11.83216585,33.24823631,training
1.0,12.23361768,34.38203449,training
0.0,12.33160508,34.48457083,validation
0.0,10.43477534,34.14627675,training
0.0,11.12215289,34.89384379,testing
0.0,11.33253715,34.44489795,testing
0.0,12.54512558,34.6013069,testing
0.0,10.84273527,34.65701402,testing
0.0,12.65503,34.30368855,testing
1.0,12.03979654,33.83029209,testing
0.0,11.20532299,33.95910598,training
0.0,12.20935053,34.36047409,testing
0.0,11.30636242,34.03696645,validation
1.0,11.74047901,34.56732092,testing
0.0,12.12203618,34.72415637,testing
0.0,10.23834869,33.95489293,validation
0.0,10.72624782,33.85791001,testing
0.0,10.37981554,34.23827632,testing
0.0,11.64972062,34.77593581,training
0.0,10.55977384,33.4823029,validation
0.0,11.25340842,34.70733359,validation
0.0,10.81622372,33.82173388,validation
1.0,11.97121238,33.70271261,testing
0.0,10.93544287,33.43600635,testing
0.0,10.97599717,33.36785529,testing
0.0,11.76180438,35.0058817,training
1.0,11.79063445,33.50325303,validation
1.0,11.47182507,33.68096774,testing
0.0,10.89055095,33.27673539,testing
0.0,11.25995775,34.39599672,testing
0.0,9.66966295,34.02270374,testing
0.0,10.62224174,34.31885985,validation
1.0,11.8590159,33.93133947,training
0.0,11.25668917,33.97852602,validation
0.0,11.21463991,34.06570499,validation
1.0,11.66480843,34.17028771,validation
0.0,11.01752037,33.34616283,validation
0.0,10.45103864,34.25454961,validation
1.0,12.30602087,33.88083239,validation
0.0,11.33394264,34.18037568,validation
0.0,11.40603527,35.00040091,testing
0.0,10.03904176,34.03734971,testing
0.0,11.11158279,33.47760563,testing
0.0,11.12384212,33.17652185,validation
0.0,11.91894896,34.81496055,testing
0.0,11.59535032,34.34245912,validation
0.0,11.81856859,34.47077809,training
0.0,11.04579693,33.16677872,testing
0.0,10.84637254,34.073754,validation
1.0,11.38152307,33.56920548,validation
0.0,11.72347311,34.89647801,testing
0.0,11.20412439,34.70533671,testing
0.0,10.88733248,34.53072654,testing
1.0,11.47624479,33.53122368,training
0.0,10.75547107,33.84643151,training
0.0,11.67152246,34.67815429,validation
0.0,12.10509924,34.84655852,training
0.0,9.79703315,34.09474299,training
0.0,11.37772344,33.94738615,training
0.0,11.85329758,34.38395624,testing
0.0,10.82957714,34.4119105,testing
1.0,11.58281936,33.40585283,training
1.0,11.92029346,34.10357282,training
0.0,11.49202032,34.08659777,testing
0.0,10.94297974,33.44951861,testing
0.0,10.8301265,33.62837485,testing
0.0,11.07585002,33.18408507,testing
0.0,10.89340942,34.40666362,training
0.0,10.57383942,33.98430442,validation
1.0,11.23081223,33.15093984,training
0.0,11.10695462,34.05447944,training
0.0,10.3148905,34.21744895,testing
0.0,11.2002394,34.35012842,testing
0.0,10.5874924,33.64220599,training
1.0,11.47182778,34.5072001,validation
0.0,10.35763003,34.09998513,training
1.0,12.69261792,34.37716775,testing
0.0,11.20919701,33.8454773,validation
1.0,12.25775728,34.06426951,validation
0.0,11.18206645,34.90113164,testing
0.0,10.73226559,33.81814302,validation
1.0,12.29840996,33.80286936,validation
0.0,11.3751797,34.12220581,training
0.0,10.80124856,34.20465336,testing
0.0,10.84892331,33.93436236,testing
0.0,11.19872653,33.77902284,validation
0.0,11.07226313,34.42265027,testing
1.0,11.37931203,34.46079879,testing
0.0,10.99231824,34.15908721,validation
0.0,11.54241265,34.91512136,validation
0.0,10.55575116,33.81074279,testing
0.0,12.04791905,34.81029306,testing
1.0,12.36769023,34.27763762,testing
1.0,11.22033982,33.14546635,training
1.0,12.13950486,33.32764444,testing
1.0,12.04185844,33.29507957,validation
1.0,12.00038337,33.16882562,training
1.0,12.04848177,34.65992772,validation
0.0,10.91819824,34.25480068,testing
0.0,11.3106818,34.02735587,training
0.0,10.07936304,33.96825078,training
1.0,12.0021934,34.07487801,validation
1.0,11.88348535,33.5204968,testing
0.0,12.23468894,34.50094294,testing
0.0,10.55441045,33.95236141,validation
0.0,11.66988065,34.65248955,training
1.0,11.81137662,34.24362961,training
0.0,11.17511268,34.02866217,validation
0.0,10.18535445,34.24911905,testing
0.0,11.07888781,34.59499886,testing
0.0,10.74565599,34.36476907,training
0.0,11.38654266,33.86613016,validation
1.0,11.34564356,33.48220303,testing
1.0,11.63771513,33.8650122,testing
1.0,11.71503385,33.51057179,validation
0.0,11.468514,33.96553818,testing
1.0,11.42717424,33.32069292,testing
1.0,11.72770982,33.99111776,validation
0.0,9.47910241,34.00746211,validation
0.0,11.9186861,34.80294178,validation
1.0,11.82044239,33.73621296,testing
0.0,11.5029521,33.735408,testing
1.0,11.41510005,34.73772843,testing
0.0,10.73854604,33.30228872,validation
1.0,12.09093629,34.38035513,validation
0.0,10.95810715,33.98843115,training
0.0,11.25312054,34.67650044,validation
1.0,11.79480114,34.53851011,testing
0.0,10.45033879,33.97767992,testing
0.0,12.48042842,34.49940139,testing
0.0,12.14185518,34.11415255,training
0.0,10.18296649,34.1262202,validation
0.0,11.08430032,34.01802252,validation
0.0,11.07982973,34.78793299,validation
0.0,10.84584757,34.86905392,validation
0.0,10.79855212,33.44979541,testing
0.0,11.78037376,34.96925678,testing
0.0,12.48257564,34.5219026,testing
0.0,11.24018776,34.5679034,validation
0.0,11.54873434,34.11507915,testing
0.0,10.81042892,33.18593693,training
1.0,12.21152175,34.33202244,training
0.0,9.69444702,34.09640187,training
0.0,11.45498236,34.98652526,testing
1.0,12.14692761,33.91421532,testing
0.0,11.01359729,34.45527398,training
0.0,10.45355797,33.68221204,validation
1.0,11.7613508,33.68265737,training
0.0,11.6366337,33.80795539,training
0.0,12.4606142,34.05020064,training
1.0,12.17629741,33.77212978,testing
1.0,11.84275229,34.59798987,testing
0.0,12.25932427,33.91776464,training
0.0,11.23811225,34.67417491,testing
1.0,11.46250532,33.122504,testing
0.0,12.49771814,34.63195895,validation
0.0,10.73777365,33.69638222,validation
0.0,10.33342584,34.06731416,validation
0.0,10.21991836,34.2506586,testing
0.0,11.17479816,33.71719065,validation
0.0,11.69963404,34.4243989,training
0.0,12.16547297,34.78347253,testing
0.0,10.67280641,33.64929212,validation
0.0,11.75695766,34.41751868,training
0.0,10.91240373,34.68404158,validation
1.0,11.87126203,33.78949636,validation
1.0,11.73695434,33.23020342,validation
0.0,9.75318006,34.12080608,testing
0.0,11.07937268,33.69345689,testing
0.0,11.25781721,34.20296621,training
1.0,11.63377584,34.0620531,training
0.0,10.24293017,34.0113834,training
0.0,11.39835053,33.59930182,validation
0.0,11.39423327,33.79669787,validation
0.0,10.81460806,34.02682984,validation
0.0,10.67987552,33.56015988,validation
0.0,10.94315132,34.7969828,validation
0.0,10.95888379,33.5741884,validation
1.0,11.21916721,33.5391885,training
0.0,10.47104141,33.77015553,testing
0.0,11.14007398,34.86682878,testing
0.0,11.66490704,34.93981465,testing
0.0,10.724838,33.61300615,validation
0.0,11.22314871,34.24047381,testing
1.0,12.12054541,33.3463182,validation
1.0,11.36990648,33.43905196,validation
1.0,12.36000332,34.10924711,testing
1.0,12.52850044,34.48475274,validation
0.0,10.42201938,33.71513247,testing
1.0,12.36748564,34.0707672,training
1.0,11.95583677,34.14061086,testing
0.0,10.46110522,33.80219754,testing
0.0,11.74828005,34.48447163,validation
0.0,10.79546756,33.86123008,validation
1.0,11.47153651,33.51873509,testing
0.0,11.16656002,33.61074563,validation
0.0,11.03383519,33.186644,testing
0.0,10.80733057,34.86969159,testing
1.0,12.13735756,33.44637714,validation
1.0,12.23304313,34.54634434,validation
0.0,10.78880415,33.29488063,validation
0.0,12.02337731,34.98574651,validation
0.0,11.4306013,33.42211234,training
0.0,10.71622043,34.78375148,validation
0.0,11.20857895,34.78481544,testing
1.0,12.00569935,33.28438414,testing
1.0,12.22354942,34.01787457,validation
0.0,11.5960714,34.18746077,testing
1.0,11.68201509,33.78720695,testing
0.0,12.28338064,34.11840966,training
0.0,11.38928467,34.64310323,training
0.0,11.05707401,33.48553849,validation
0.0,10.7487557,33.85323476,validation
0.0,12.14820955,34.10661959,testing
1.0,11.75889516,34.21142848,testing
1.0,12.04928763,34.58624386,testing
0.0,11.85618409,34.36591219,validation
1.0,12.19193334,33.39391186,validation
0.0,10.0444601,34.10538928,validation
0.0,11.18039224,34.03250056,testing
0.0,11.42297516,33.46870957,training
1.0,12.00072318,33.78631133,validation
1.0,12.04022849,33.72257423,validation
0.0,10.5139346,34.24989651,validation
0.0,10.78255362,33.70786086,validation
1.0,12.01372117,33.23550516,testing
1.0,11.90354988,33.27743863,testing
0.0,12.08694144,34.25070836,testing
1.0,11.95889589,34.06868294,testing
1.0,11.74743636,33.56990509,training
0.0,12.18288749,34.85913812,validation
0.0,12.34263682,34.6231534,validation
1.0,11.99113383,33.707176,testing
0.0,11.42471796,34.90745708,validation
0.0,12.1892516,34.73309455,validation
0.0,12.07593763,34.4358642,testing
1.0,11.47620217,33.51049939,validation
0.0,12.13337,34.90352984,testing
1.0,11.8287233,34.57996223,validation
0.0,11.68127609,34.82645153,validation
0.0,12.06083456,34.85012844,testing
1.0,11.18874875,33.35546828,validation
0.0,11.3728229,34.08149838,validation
1.0,11.80087228,34.00257946,training
1.0,11.58699377,34.19675821,validation
0.0,11.48700712,34.95094975,testing
0.0,11.94676375,35.06090635,testing
0.0,12.49017267,34.61211249,validation
0.0,11.58299298,35.06675844,testing
0.0,11.18505333,33.77741956,validation
0.0,10.66520058,33.92639888,training
1.0,11.56600466,33.2648977,validation
0.0,11.12975804,33.88480049,testing
1.0,11.78556263,33.69025285,validation
0.0,10.61112361,33.85408197,validation
1.0,11.607789,33.43732662,validation
0.0,11.08740918,33.94052041,testing
0.0,11.176,34.19678769,training
0.0,11.32601737,34.90208115,training
1.0,11.16778052,33.25982504,testing
1.0,11.87365118,33.96194184,testing
0.0,9.46842383,33.89356681,testing
1.0,11.26586632,33.67129409,testing
1.0,11.76544368,33.73886095,testing
0.0,9.87341487,34.10236619,validation
1.0,11.51393483,33.55186567,testing
0.0,11.78993809,33.54394349,testing
0.0,10.87502167,34.12450924,training
0.0,10.97084902,34.74308339,testing
0.0,12.38034245,34.62039229,testing
1.0,11.67755186,33.52443689,testing
1.0,11.28238837,33.53190154,validation
0.0,11.22802734,34.91634598,validation
1.0,11.59916182,33.18684534,training
0.0,10.90103895,33.71308901,validation
1.0,11.83817969,33.47674827,training
0.0,11.43111485,34.90206587,testing
0.0,10.7444029,34.13749202,validation
0.0,12.41324963,34.01231559,training
1.0,11.88683305,33.49727408,testing
1.0,12.34144968,34.24544989,training
1.0,12.31630542,34.09797923,validation
0.0,10.88438024,34.0485307,testing
1.0,11.61128975,33.8755841,training
0.0,10.28532447,33.91448188,training
0.0,11.26679355,34.39667713,testing
0.0,11.22241557,34.28382417,testing
0.0,10.87902583,33.71007371,testing
0.0,12.05149103,34.84695813,testing
0.0,11.4441241,33.11033818,training
0.0,10.65421582,33.87243668,training
0.0,12.18839221,34.33946834,validation
0.0,11.75157556,34.36972724,validation
0.0,11.51288008,33.93937601,validation
0.0,10.28936668,33.78421043,testing
0.0,10.17840319,34.29082761,testing
0.0,11.50707947,35.02226236,validation
0.0,10.20192088,34.08931864,validation
0.0,10.83388073,34.05008298,validation
0.0,10.7771967,33.32543454,testing
0.0,10.97914322,33.90986517,validation
0.0,11.28648011,34.82135057,training
0.0,10.32621919,33.82689269,testing
0.0,11.30911303,34.44890341,testing
0.0,12.37541764,34.53237553,testing
0.0,11.60913688,33.76258093,validation
0.0,12.22854071,34.46874326,validation
0.0,9.72446351,34.05960592,testing
0.0,12.70836562,34.42212721,validation
0.0,11.08230384,34.19885883,testing
0.0,11.31607966,34.01471046,training
0.0,10.90143733,34.50342567,validation
0.0,10.53985279,34.24185958,training
0.0,10.74015415,33.5854661,testing
0.0,10.4285144,34.25943461,training
0.0,10.7069915,34.19775433,validation
0.0,10.92695293,33.6930684,testing
0.0,11.00863289,33.54851343,testing
0.0,10.94550551,33.4532233,testing
0.0,11.59135738,33.63334566,testing
0.0,11.76742102,33.61376304,validation
0.0,10.48367869,33.56155889,testing
0.0,11.07826188,34.91013627,testing
0.0,11.10868429,33.71616872,validation
0.0,11.10229356,34.93968327,training
1.0,11.36182741,34.51725497,testing
0.0,10.71592599,33.42596728,testing
1.0,11.4833732,34.66175754,training
1.0,11.07060328,34.25778092,testing
1.0,11.45389673,33.39286619,training
1.0,11.6992092,34.83644947,testing
1.0,12.14724154,33.43892917,training
0.0,10.80382754,33.41397496,testing
0.0,11.62896766,34.3561785,training
0.0,10.78293046,33.6825988,validation
0.0,11.82838295,35.02016384,testing
1.0,11.70075029,33.26013465,validation
0.0,11.18087474,34.30637215,training
1.0,12.00338736,33.75360234,validation
0.0,11.80375405,34.0820824,validation
1.0,12.32453099,34.26970813,validation
1.0,12.16709606,34.5320224,validation
0.0,11.89405293,34.9183544,validation
0.0,9.7315312,33.98501422,training
0.0,11.639911,34.60438145,testing
0.0,11.3121722,34.06017936,training
1.0,12.09962509,33.27059945,training
0.0,9.97261836,34.03913412,validation
0.0,11.04850638,33.31668221,validation
1.0,11.78723321,34.12418067,testing
0.0,10.94182313,34.78745827,testing
1.0,11.9171816,33.34313827,validation
0.0,11.29144867,33.88032935,testing
1.0,11.17500316,33.35464288,validation
1.0,11.7640896,33.53832689,testing
0.0,11.7906072,35.0237845,training
1.0,12.19326134,33.40834925,training
1.0,11.75297662,33.65284831,validation
0.0,10.23686974,33.90298615,validation
0.0,11.7610777,34.86921884,testing
0.0,11.51067232,33.93625119,training
1.0,12.15453685,34.63590566,validation
0.0,12.20791675,33.50890937,testing
0.0,10.57090949,33.73979604,training
0.0,12.319845,34.46174902,training
0.0,11.76869186,35.03013841,training
0.0,10.13997971,34.24286247,validation
0.0,10.84401436,34.0346431,validation
0.0,11.03631522,34.78414285,training
1.0,12.11951025,34.35436159,training
0.0,11.41666226,34.55857678,testing
0.0,9.65793483,33.91406533,testing
0.0,10.14648689,34.25885748,testing
0.0,10.30918041,34.19995424,training
1.0,11.98229445,33.18747762,training
0.0,9.63259957,34.08195803,testing
1.0,11.87358658,34.2978056,testing
0.0,10.34508627,33.93779243,training
0.0,11.27491,34.73663012,training
0.0,10.21113988,34.21383906,training
0.0,11.04353063,34.78829971,validation
0.0,10.89209198,34.80678663,validation
0.0,11.41580502,34.08374843,testing
0.0,9.54824502,33.88987679,training
1.0,12.1092079,33.21094768,training
0.0,9.76679056,34.10548991,training
1.0,11.44497225,33.19697927,training
1.0,12.00533399,34.11733431,validation
0.0,11.24006527,34.06730159,validation
0.0,12.16659252,34.74354971,training
0.0,11.98243603,34.93693603,training
1.0,11.87517156,33.58742526,testing
1.0,12.14218276,33.46604003,validation
0.0,10.58657064,34.0109799,validation
0.0,10.62985471,33.61969631,testing
1.0,11.51136514,34.28300516,validation
0.0,10.68816527,33.91249791,validation
0.0,11.62559987,34.96118997,testing
1.0,11.81397013,34.09343426,testing
0.0,11.49881847,34.88712792,validation
1.0,12.34873456,34.28532791,validation
0.0,10.71117026,33.71055107,validation
0.0,10.02283526,34.21995176,validation
1.0,11.64115091,33.7112697,training
0.0,11.30376504,33.79997462,validation
1.0,12.154732,34.49607275,validation
0.0,11.11742653,34.62577416,training
1.0,11.13599835,33.60644192,validation
0.0,11.16255076,33.73342582,testing
1.0,12.27985861,33.58820444,testing
0.0,10.50538903,33.86529877,validation
0.0,11.57677933,34.77407403,validation
0.0,12.6347302,34.52847411,testing
0.0,11.22165188,34.92708631,testing
1.0,11.63232457,33.58521332,testing
0.0,11.22210342,34.78826295,validation
1.0,12.38861542,34.1314495,testing
1.0,11.70687945,33.57936191,validation
0.0,10.8406363,33.5325921,training
1.0,12.08558446,34.44335026,testing
0.0,11.20989492,33.49709745,validation
0.0,11.17746632,34.85999393,validation
0.0,12.0198239,34.44085507,testing
1.0,12.06436935,33.481167,validation
0.0,11.75694522,34.94841791,training
0.0,11.02710548,34.52187764,training
0.0,11.38169572,34.65430588,testing
0.0,11.20619306,33.51806965,training
1.0,11.77000827,34.69542377,testing
0.0,12.01772761,34.34191051,training
0.3333333333333333,11.07958361,34.1324803,testing
0.0,10.64308576,33.51264189,testing
1.0,11.6021681,33.23021563,testing
0.0,11.03830613,34.23939853,testing
0.0,10.34123739,33.82006056,testing
0.0,11.37141532,34.85832696,testing
0.0,11.11201199,34.81778592,validation
0.0,11.30428794,34.94379988,testing
0.0,11.00625349,33.31206635,testing
0.0,11.26975277,34.37456442,training
0.0,10.06816112,34.21483168,validation
0.0,11.00638499,34.53150385,validation
1.0,12.49874761,34.23566436,testing
0.0,11.49716813,34.11106444,testing
0.0,11.39275898,33.91591266,testing
0.0,12.15350621,34.60406695,testing
1.0,11.4976396,34.78817918,testing
0.0,11.4538473,34.19419369,testing
1.0,11.3568898,33.74470787,testing
0.0,10.91231323,34.71412501,testing
1.0,12.20552433,33.30704379,validation
0.0,10.9036853,33.68704884,testing
0.0,12.08968846,34.44291277,testing
0.0,10.90310669,34.11055786,validation
1.0,11.88516771,34.657611,validation
1.0,12.17650414,33.34769771,validation
0.0,11.37271231,34.14820419,validation
0.0,10.18310032,34.23331366,testing
0.0,10.9952138,34.23289609,training
1.0,11.80762668,33.16458393,training
1.0,12.14286669,34.07034297,testing
0.0,11.00453091,34.80512516,testing
0.0,11.19307063,34.07820461,training
0.0,11.01528119,34.43611616,validation
1.0,12.21224272,33.64869567,testing
1.0,11.60536294,33.73601985,testing
0.0,11.23613384,34.83106416,testing
0.0,11.13802226,33.55403683,validation
0.0,10.77335761,33.45509598,validation
1.0,11.65188856,33.20708232,testing
0.0,12.09997231,34.50676503,validation
1.0,11.62688694,34.52020125,validation
0.0,10.51615995,34.0897124,testing
0.0,10.58197116,33.59874035,testing
1.0,11.8891438,34.27260683,validation
0.0,10.52584182,33.7718687,training
0.0,10.89475539,34.16075975,validation
1.0,11.42198457,33.2103065,validation
0.0,10.54140903,33.57984847,validation
0.0,12.03391734,34.88736614,testing
0.0,10.37354149,34.2845501,testing
1.0,12.32790095,34.22082214,testing
1.0,11.85691661,34.72181442,testing
1.0,12.42588555,34.37553254,testing
0.0,10.85736623,34.210054,testing
0.0,10.71600586,33.90399764,testing
0.0,11.1815689,34.47934402,training
1.0,11.68054103,33.99565088,validation
0.0,11.06247021,33.82443573,validation
0.0,11.184822,33.77424098,validation
1.0,11.45340379,33.20172975,validation
1.0,12.04654346,33.8142835,testing
0.0,11.59467583,34.35497419,validation
0.0,10.43318436,33.72892334,validation
1.0,11.75468337,34.10352202,validation
0.0,10.67776483,33.48473235,validation
0.0,10.82932863,33.43463648,testing
0.0,11.62038035,34.76675195,testing
0.0,11.44569939,33.79472775,validation
0.0,11.42548069,33.8592876,validation
0.0,11.8096345,34.70004343,testing
0.0,11.72090565,33.50673249,validation
1.0,11.6129064,33.5136172,testing
1.0,11.90835254,33.55412215,testing
0.0,11.92616564,35.09721458,testing
0.0,11.01788203,34.88389773,testing
0.0,10.6637618,33.61353283,testing
0.0,10.73430892,33.71445227,training
0.0,11.16706515,34.34758327,testing
1.0,12.18304471,33.68939451,validation
0.0,10.72103085,34.0795031,validation
0.0,10.60247582,33.76817906,training
0.0,10.27881701,34.02786976,testing
1.0,11.26644531,33.16683853,training
0.0,12.6161104,34.32155754,training
1.0,11.5317635,34.56287846,training
1.0,12.27564502,34.40380532,testing
0.0,11.35021639,33.88344378,testing
0.0,12.24468309,33.59077491,validation
1.0,12.0835301,33.28769577,training
0.0,12.18989534,33.5155827,validation
1.0,11.92647511,33.41759633,validation
0.0,10.93700209,33.25904275,testing
1.0,11.95370042,33.16686921,testing
0.0,11.48662527,34.8946051,validation
1.0,12.1668918,33.26079086,validation
1.0,12.42496334,34.41022154,testing
1.0,11.76524504,34.72833542,testing
0.0,11.43111476,34.16725876,validation
0.0,11.13773829,33.97533997,testing
0.0,10.5517468,34.13441977,validation
0.0,10.70668005,33.64318799,testing
0.0,12.31965635,34.64108389,validation
0.0,10.4200334,33.79481021,validation
0.0,12.35978387,34.61176973,testing
0.0,11.92777022,34.87482901,testing
0.0,10.77909413,34.38047852,testing
1.0,11.52352617,33.79019641,training
0.0,10.92480094,34.67723711,testing
0.0,10.91095377,33.78967387,training
0.0,11.45812424,34.92577732,testing
1.0,12.09320561,33.81931085,validation
1.0,11.35944218,33.57743626,validation
0.0,10.26229979,34.20622587,validation
0.0,11.44635204,34.87638572,validation
0.0,10.90082885,33.94370191,testing
0.0,11.66587332,34.90961283,training
0.0,11.07182188,33.30547058,training
1.0,11.57008955,33.40455702,training
0.0,10.87761421,33.36026436,validation
1.0,11.29058559,33.5054313,testing
1.0,11.85603397,34.70408324,validation
0.0,10.76746279,34.03705021,validation
1.0,11.97114838,34.69891817,training
1.0,11.84824577,33.99044324,testing
0.0,10.97738985,33.23616105,validation
1.0,12.20031971,33.75273714,testing
0.0,11.83993359,34.96353702,testing
1.0,11.87831436,33.94172268,training
0.0,10.73387954,33.69575601,validation
0.0,11.08115139,33.99516586,validation
0.0,11.01761787,34.75249429,testing
0.0,12.14499178,33.8319731,training
0.0,10.36549354,33.97292685,training
0.0,9.60008824,34.05726038,validation
0.0,11.478667,34.52370112,testing
1.0,11.61712473,33.95893156,validation
0.0,11.53883998,34.78832214,validation
0.0,12.06700125,34.96068699,testing
0.0,10.41714035,34.26303707,training
0.0,10.82147271,34.21312801,testing
1.0,11.6766462,33.58975019,validation
0.0,9.90027261,34.13199169,training
0.0,10.63521725,33.65095612,validation
0.0,11.43341905,33.12057218,training
0.0,10.8982421,33.86545145,validation
1.0,11.77838066,33.8568706,testing
1.0,11.83245615,34.68208398,testing
1.0,11.22550834,33.62090636,validation
1.0,11.86033517,33.68304657,validation
1.0,12.1272526,33.85872744,validation
0.0,11.08905869,34.911498,training
0.0,10.65492164,34.0740291,validation
0.0,10.2581525,33.89861503,testing
1.0,11.94940926,33.30193412,testing
0.0,12.02411923,34.90689197,testing
0.0,10.30123108,34.31620637,validation
0.0,11.15742545,33.70787788,testing
0.0,11.32049281,34.71247522,validation
0.0,10.11892283,34.11131488,training
0.0,9.59552778,33.89747637,testing
0.0,10.70137351,33.98056199,training
1.0,12.11559764,34.040752,testing
0.0,12.34403956,34.1252539,training
0.0,10.83300766,34.03176265,testing
0.0,9.88272299,34.12879779,testing
0.0,11.06352443,34.73685093,validation
0.0,10.99644305,33.17644045,testing
0.0,11.54561411,35.01110662,testing
1.0,11.50745664,33.79304401,validation
0.0,10.93710853,34.86236369,validation
0.0,11.14582094,33.17213,validation
1.0,11.68194073,33.58119534,validation
0.0,11.26911097,34.227123,validation
0.0,12.40888022,34.63459602,testing
0.0,10.23019548,34.01826848,testing
0.0,11.84669521,34.88233996,testing
0.0,10.86364888,34.48499058,training
0.0,11.94587671,34.26580042,validation
0.0,11.04004366,34.59958316,validation
0.0,9.7472825,34.04768851,training
0.0,12.38346595,33.90235226,testing
1.0,11.7966771,34.10918582,validation
0.0,11.07859723,34.01468669,validation
1.0,11.67398567,33.65067926,validation
1.0,12.58318826,34.14237179,testing
0.0,10.69118502,33.92567485,training
0.0,11.56174969,34.67721105,training
0.0,10.79476125,34.00396212,validation
1.0,11.96005337,33.39079252,validation
0.0,11.19472205,34.90267012,training
0.0,11.35847531,34.23079741,validation
0.0,12.21580803,34.75693908,testing
0.0,10.76617941,33.73940026,validation
0.0,11.72269798,34.58175396,validation
0.0,10.43918575,34.16927405,validation
1.0,11.99196464,34.52341558,validation
0.0,11.57414056,33.16996516,training
0.0,10.36985075,34.21891575,validation
0.0,11.72927759,34.73099284,testing
0.0,11.42725912,34.90512128,training
1.0,11.17994099,33.63262178,testing
0.0,10.03373457,34.21259622,training
0.0,11.0104154,33.89403031,training
0.0,11.24592372,33.83173815,validation
1.0,12.45256323,34.15882226,validation
1.0,11.87655487,34.33012806,testing
1.0,11.92154872,33.17990424,testing
1.0,11.58524411,33.88762178,testing
0.0,11.17762655,34.26210912,training
1.0,11.66353628,33.12763594,testing
0.0,10.26313665,34.10895712,testing
1.0,11.59236986,34.18973299,testing
0.0,11.78056708,34.36207161,validation
0.0,10.36228044,34.10930316,training
0.0,10.20795939,34.274422,testing
0.0,10.80659129,34.09670447,validation
0.0,10.02628786,34.08375023,validation
0.0,11.38842972,33.76453103,testing
0.0,11.38960499,33.87813259,validation
1.0,12.27135319,33.63665428,testing
0.0,11.58767627,34.16158242,testing
1.0,11.91551719,33.97358234,validation
1.0,11.50855038,33.27293845,training
1.0,11.88424623,34.0711699,testing
1.0,12.71420024,34.42845878,validation
1.0,11.8059938,33.30281954,validation
0.0,11.2077034,33.86146339,testing
0.0,11.15589624,34.12353165,testing
0.0,11.41802156,34.60706871,training
0.0,12.28281274,34.73694306,validation
1.0,12.13138823,33.45323477,testing
1.0,12.05205582,33.55785539,training
0.0,10.96901309,34.50749093,validation
1.0,12.30795717,33.89478518,validation
1.0,11.37535767,33.5263477,testing
0.0,12.55406189,34.57287832,validation
0.0,11.31170466,34.17379464,testing
0.0,11.72616473,34.94171098,testing
1.0,11.80510755,33.94336739,validation
0.0,10.78606667,33.47571624,testing
0.0,11.41307639,34.99438207,validation
1.0,11.78744412,33.68740135,validation
0.0,10.79856618,33.98240959,validation
0.0,12.07453179,34.74916744,validation
1.0,11.33299639,34.82367863,validation
1.0,12.01647876,33.57086073,validation
0.0,11.61439868,33.23245317,testing
0.0,11.221248,34.85258198,training
0.0,10.69755473,33.98127393,testing
1.0,12.52484562,34.08179041,testing
0.0,10.77376055,34.73839613,validation
0.0,11.0618035,34.83664382,validation
0.0,10.51874119,33.9437464,testing
1.0,11.59927235,33.45023816,validation
0.0,12.44303009,34.61917023,validation
1.0,11.38010934,33.48602532,testing
0.0,12.25667349,34.6734468,testing
0.0,11.88847417,35.12067387,validation
1.0,12.07917042,33.70185639,testing
0.0,10.64181617,34.29678474,testing
0.0,12.63772609,34.30352255,validation
1.0,11.51851743,33.60215932,testing
0.0,10.89681851,33.65298352,validation
0.0,11.21164323,34.82374442,testing
0.0,12.54867697,34.31096796,testing
0.0,10.55774096,34.24381905,testing
1.0,11.34552617,33.37309547,validation
1.0,11.97180877,33.44441848,training
1.0,11.18620176,33.35965776,training
0.0,11.21885617,34.52882145,testing
0.0,11.07243221,33.48657137,validation
1.0,12.28684907,34.24157695,testing
1.0,12.09399417,34.35171959,testing
0.0,10.85204057,34.4505983,training
1.0,12.17467746,33.31707537,testing
0.0,10.44282811,34.01194565,testing
0.0,10.91506904,33.29974401,validation
0.0,10.08223041,34.25655851,training
1.0,12.0501576,33.84008088,testing
0.0,11.06688004,34.72406654,testing
0.0,10.86468912,33.65582458,testing
0.0,11.37936711,34.22932557,validation
0.0,10.8512439,33.66554266,testing
1.0,11.57432819,33.57934017,validation
1.0,11.19552455,33.25654901,validation
0.0,10.7055239,33.28482576,validation
1.0,12.33956187,34.55134697,testing
0.0,9.50194564,34.0063672,training
0.0,10.1500192,34.10976,validation
1.0,12.00681207,33.81028377,testing
0.0,11.08507731,33.38897097,training
0.0,10.05924355,34.10310542,validation
1.0,11.70563901,33.75769822,training
1.0,12.13904374,33.40393191,validation
0.0,10.89032639,33.24042847,validation
0.0,10.84612778,34.18736293,testing
0.0,10.92185035,34.6229947,testing
1.0,11.69526777,34.19489073,validation
1.0,12.49837565,34.27795107,validation
0.0,10.07516222,34.11306617,testing
1.0,11.39833251,33.33840414,testing
0.0,10.43943882,33.76693849,training
0.0,10.58089471,34.20751922,training
0.0,12.35248492,34.37606541,validation
1.0,12.016346,33.60428006,testing
0.0,11.55255477,34.36825125,testing
1.0,11.76789934,33.51058502,testing
0.0,10.78590113,34.01568504,training
1.0,11.68102822,34.46785266,validation
0.0,10.34335859,34.0812168,testing
0.0,10.09710275,33.96822363,validation
1.0,12.28368764,34.51803943,validation
0.0,10.58050128,33.94329084,training
0.0,11.0716036,34.74051708,testing
1.0,11.82808699,33.69059333,testing
0.0,11.2624967,34.84195087,testing
0.0,11.43088736,33.75200842,training
0.0,10.20438569,33.91791881,training
1.0,12.09116649,33.76866023,validation
1.0,12.02435808,34.69700108,validation
1.0,11.65064367,33.91975605,testing
1.0,12.19126699,33.33693873,training
1.0,11.63875258,33.9931587,validation
0.0,11.7078597,34.82173693,testing
0.0,12.16952754,34.49166895,validation
0.0,10.84569774,33.4375277,testing
1.0,11.97597183,33.65954667,testing
1.0,11.64641251,34.19379933,validation
0.0,12.46501987,34.17418263,validation
0.0,11.45604831,33.75003983,testing
0.0,11.04265419,33.23119212,testing
1.0,11.51539953,34.55585116,testing
0.0,11.34763939,33.98774153,validation
1.0,12.01027068,33.57395656,testing
0.0,11.23930204,34.75063682,validation
0.0,11.40222084,34.21488611,validation
0.0,10.79658781,34.32963691,validation
0.0,10.88782263,33.74906677,training
1.0,12.69669755,34.30189217,validation
0.0,12.15533343,34.10421329,testing
0.0,10.36471297,34.26318959,testing
1.0,11.72474793,33.67057461,testing
1.0,11.87806307,33.14627349,validation
0.0,12.07276368,33.29173347,testing
1.0,11.96296887,33.43957464,validation
0.0,10.65267149,34.13547965,validation
1.0,11.62210319,33.23487919,testing
1.0,11.88045543,34.09349257,validation
0.0,11.03066242,33.28583148,testing
1.0,11.59147745,33.83270195,validation
0.0,11.1789739,33.41459753,validation
0.0,10.85476742,34.11404696,validation
0.0,10.71856159,33.23115557,validation
0.0,11.95727931,34.88304268,testing
0.0,10.44601445,33.70191822,training
1.0,11.81834292,33.33374074,validation
1.0,11.97018093,33.66565255,validation
0.0,11.2493248,34.17064311,testing
0.0,10.81383255,33.21553124,testing
0.0,11.37921761,33.91686238,validation
0.0,10.6779585,34.19089384,testing
0.0,12.56513329,34.55304402,validation
1.0,12.16642441,33.88434275,validation
0.0,10.89679317,34.45351535,training
1.0,11.9623175,33.35990657,validation
0.0,10.847158,34.69582945,validation
0.0,11.18238411,34.8642284,training
0.0,11.25670861,34.81209826,testing
0.0,10.28855021,33.90208981,validation
1.0,11.63679692,33.77791756,testing
0.0,10.36282901,33.93676323,training
0.0,10.46622682,33.90718026,training
0.0,11.37355656,34.14057333,testing
1.0,11.64438032,33.98021664,validation
0.0,11.71703456,34.9570062,training
1.0,12.22027928,33.68100972,testing
0.0,11.34581457,34.40255986,validation
1.0,11.73274391,34.62775815,training
0.0,10.51132976,33.65214877,testing
0.0,10.8571038,33.42520677,validation
1.0,11.6472582,33.38762637,testing
0.0,10.64542525,33.96556043,training
1.0,11.32600507,33.21290714,training
0.0,10.96586267,33.78949737,training
0.0,11.88180167,35.11814485,validation
1.0,11.90057747,34.53452282,training
1.0,12.20234173,34.36825953,training
1.0,11.85330977,33.35636983,testing
0.0,11.28435999,33.86485827,training
0.0,11.90512905,34.85714338,testing
0.0,12.59733169,34.4313309,validation
0.0,9.53422481,33.95620219,testing
0.0,12.18247486,34.33603241,testing
1.0,11.85398329,33.48882417,testing
0.0,11.51300916,33.93634256,validation
1.0,11.67292712,34.59837751,testing
1.0,12.58765101,34.38333053,validation
0.0,10.36662893,33.85095106,testing
1.0,11.75868898,33.53834708,testing
1.0,11.58943557,34.29695211,validation
0.0,10.41474992,33.9012054,validation
0.0,10.78472549,34.81494015,testing
0.0,11.43062244,33.82877159,validation
0.0,10.92351477,33.47566102,training
1.0,11.66791199,33.42257712,validation
1.0,12.06891174,33.46602928,testing
1.0,11.21588495,33.4167572,testing
0.0,10.5240388,34.26465014,testing
1.0,11.63723093,33.64275506,validation
0.0,11.07748817,34.38297277,training
1.0,11.95746211,34.4507139,testing
0.0,10.63969317,33.44637828,validation
0.0,11.27288538,34.10510397,validation
0.0,12.01892903,35.00931677,validation
0.0,10.97072287,34.60518943,validation
1.0,12.28654822,34.03704781,training
1.0,12.20466309,34.04713036,training
1.0,11.63120299,33.39905996,validation
1.0,11.31651172,33.40646058,validation
0.0,10.87154455,33.34083551,validation
0.0,10.67289489,33.79085023,testing
0.0,12.53156048,34.10974882,testing
0.0,11.22707171,34.10333459,testing
0.0,11.73972878,34.99708956,testing
0.0,12.50979575,34.58252208,testing
0.0,11.11576629,33.30920866,testing
1.0,11.6348893,33.13442539,testing
0.0,12.42991966,34.67215672,testing
0.0,10.49787105,33.73471075,validation
1.0,11.0614439,34.16627576,testing
0.0,11.11889243,34.07010377,testing
0.0,11.55798455,34.99448679,training
0.0,10.39781696,34.28953254,testing
0.0,11.49861157,35.01569183,validation
0.0,12.50819648,34.58816024,training
0.0,11.8137878,34.66898085,training
0.0,11.01252608,34.84824668,validation
1.0,11.83913027,33.29021581,validation
1.0,11.45183456,33.5929853,testing
0.0,10.73050089,34.23932169,training
0.0,10.94759658,34.60739546,testing
0.0,12.21863107,34.79231877,training
1.0,11.83814536,34.74840981,validation
0.0,10.27044289,34.05615862,validation
1.0,12.21320742,34.27034643,validation
1.0,11.84423914,33.72772245,testing
0.0,9.66357813,33.94930214,testing
0.0,11.12875544,34.77642314,testing
0.0,9.88112208,34.09857336,testing
0.0,12.32351244,33.81442606,validation
1.0,12.32847043,34.42251279,testing
0.0,11.47717723,34.04247943,testing
0.0,12.6086972,34.33960464,training
1.0,12.0522295,33.65605205,training
0.0,10.98736859,33.70517925,training
1.0,11.68909759,33.77675191,testing
0.0,11.49108661,34.80569014,testing
1.0,11.7385301,33.58237348,validation
1.0,12.46590512,34.43986119,validation
0.0,10.82283399,34.39571241,testing
1.0,11.40847602,33.32583597,training
0.0,10.99942535,33.86353712,testing
1.0,12.56269766,34.3331345,testing
0.0,10.79956272,34.06035642,validation
1.0,12.03293287,33.28812952,validation
0.0,12.10743341,34.80376645,validation
0.0,11.32052821,33.85475276,testing
1.0,11.94914334,33.29909954,training
0.0,10.33411903,33.92597502,testing
0.0,11.98600397,35.05740608,testing
0.0,11.24087467,34.1392865,training
1.0,12.08574769,33.79961704,training
1.0,11.68447703,34.11955793,training
0.0,11.13150296,34.43445744,training
0.0,11.12939079,34.91716386,validation
0.0,12.02725889,34.80551608,validation
0.0,12.08542462,34.44037491,testing
1.0,11.28541996,34.21427431,testing
0.0,10.20977881,34.27884949,testing
0.0,12.23334115,34.76140313,validation
0.0,12.62360645,34.42246002,validation
1.0,12.52230133,34.38116486,testing
1.0,11.5544716,33.3833428,testing
0.0,10.90297028,34.71443553,validation
1.0,11.68299891,34.71920128,testing
1.0,11.24010399,33.60392807,training
1.0,11.33458318,33.57401085,validation
1.0,12.06966135,34.36650767,validation
1.0,11.95770029,34.4508009,validation
0.0,12.46810487,34.07594032,testing
0.0,10.18194815,33.99324805,validation
0.0,11.22685002,34.82803995,validation
1.0,11.57294038,34.5610587,testing
0.0,10.78490134,33.56513932,training
0.0,11.22948687,34.13660147,validation
1.0,11.79953792,34.13894126,validation
0.0,12.12913879,34.40587969,training
1.0,12.3875149,34.16834271,training
0.0,12.0443012,33.25344348,validation
0.0,12.04234048,34.90162058,training
1.0,11.14487197,33.32784033,validation
1.0,11.63710605,33.3459167,validation
0.0,11.76275558,34.29275543,validation
0.0,11.23597262,34.44683931,validation
0.0,10.37569305,33.76718669,testing
0.0,11.38228869,34.97119037,training
0.0,10.98077666,33.86667043,training
0.0,11.00477101,33.293412,testing
0.0,11.14670607,34.141204,training
1.0,11.33038016,33.47527547,testing
0.0,11.98502878,34.61992067,testing
1.0,12.63173113,34.42428323,testing
1.0,12.54746865,34.08759099,training
0.0,10.9458022,33.82339187,training
0.0,11.9185061,33.60512457,validation
0.0,10.85373684,33.23078043,testing
0.0,10.30615073,34.27179485,testing
1.0,12.0907715,33.79842516,validation
0.0,11.66501799,34.88967753,training
1.0,12.0631069,33.55179534,testing
1.0,12.34192766,34.54785737,validation
1.0,12.37611955,33.79042252,validation
0.0,10.87962892,34.76543844,validation
0.0,10.20869203,34.30924027,testing
1.0,11.93113453,33.66292144,validation
0.0,12.20950642,34.7690156,validation
0.0,11.89677187,34.91300784,training
1.0,11.67401219,34.13363935,testing
0.0,11.11103961,34.27019097,validation
0.0,10.71868244,33.26278004,training
0.0,10.9560266,33.89380809,testing
0.0,10.77458005,34.2338917,training
0.0,10.83121027,34.78961432,testing
0.0,10.85840791,34.65453616,testing
0.0,10.79371507,34.24996169,validation
0.0,10.94443272,33.67605599,testing
1.0,11.80794628,33.94141737,validation
1.0,11.91566469,34.63110011,testing
0.0,12.39877354,33.90581634,validation
1.0,12.38044773,34.25075624,testing
0.0,10.64168608,33.55051773,training
0.0,10.42646272,34.09861685,training
0.0,10.82700736,33.9029324,training
1.0,11.88684741,33.3382934,validation
0.0,11.40581818,34.58186,testing
0.0,11.85596009,35.08733405,validation
1.0,11.74131478,33.27516859,testing
0.0,10.97399086,33.47964639,testing
0.0,10.2891681,34.10632537,testing
0.0,11.43951966,34.07075179,validation
0.0,12.27655286,34.63995901,validation
0.0,12.63682953,34.26207102,validation
0.0,10.88879763,33.93578212,validation
0.0,9.89633888,34.16285531,testing
0.0,11.73067693,34.39859657,training
0.0,10.38271797,33.80555164,validation
0.0,11.20851494,33.93322969,validation
0.0,11.56333168,34.11814238,testing
1.0,12.03432024,34.2413868,validation
0.0,9.70297174,33.90542965,testing
0.0,11.41321389,33.95534325,testing
0.0,10.88552661,33.88647156,validation
0.0,10.93190159,34.83885127,validation
0.0,11.52816663,34.74785355,testing
0.0,12.2446367,34.06568158,training
0.0,11.08171476,34.49981883,testing
0.0,12.0686437,34.19204777,validation
0.0,11.10855408,33.84832492,training
1.0,11.35653218,34.29061447,validation
0.0,10.50183823,34.03251614,validation
0.0,11.88177324,33.65625224,testing
1.0,12.26817817,33.7677321,training
0.0,10.88699104,34.37045609,validation
1.0,11.64158317,34.57070413,training
0.0,11.00229593,34.42264531,testing
0.0,11.13050986,33.16812606,testing
1.0,11.86601334,34.25462891,testing
0.0,11.65327595,34.84860791,training
0.0,11.0819691,33.99317128,validation
0.0,10.3997303,34.11881989,training
0.0,11.4457882,34.18664485,testing
0.0,11.47370355,34.70826913,training
0.0,11.36223151,34.34393549,validation
0.0,11.30951516,34.73143268,training
1.0,12.11677422,33.28529756,validation
0.0,11.35077345,34.03222791,validation
0.0,10.80183994,33.81007914,testing
0.0,11.11881126,33.17322992,testing
1.0,11.87205174,33.24601738,validation
1.0,11.32677901,33.64748805,validation
0.0,9.92339707,34.06979995,validation
1.0,11.47142878,33.29577998,testing
1.0,12.08911967,33.46686897,validation
1.0,12.36619408,34.26481234,validation
1.0,11.74655944,33.44113585,testing
0.0,11.69274,34.90322338,validation
0.0,11.28752015,34.54212289,testing
0.0,9.94489593,34.04426838,validation
1.0,11.85687735,33.97253342,testing
1.0,12.16995221,34.23939654,validation
0.0,10.80064636,33.80073487,testing
1.0,12.08283059,33.51383252,validation
1.0,11.42272099,34.43413773,testing
0.0,10.98544694,34.71549192,testing
0.0,12.20528973,34.59375675,testing
1.0,11.48687457,34.40211955,validation
0.0,10.75905669,33.36881324,testing
1.0,12.08076711,34.05072249,validation
0.0,11.16007986,34.72532288,training
1.0,11.0982515,33.27860951,validation
0.0,10.73181248,34.11565533,testing
0.0,10.70382125,33.64515481,testing
0.0,10.74365726,33.36362023,training
1.0,11.59057898,33.63484673,testing
0.0,11.18135324,34.85290132,validation
1.0,11.78603304,33.65911749,validation
0.0,11.14114842,33.36024644,validation
0.0,11.87331496,35.08546248,validation
1.0,12.15934243,33.2063681,testing
0.0,10.17297727,34.05863488,testing
0.0,10.00756567,34.01294977,validation
0.0,11.1971858,34.32566518,testing
0.0,12.00570018,34.07457885,testing
1.0,11.36524859,34.39619139,testing
0.0,12.23623793,34.52560595,testing
0.0,11.35598076,33.20328926,validation
0.0,11.03978748,33.43299788,validation
1.0,11.36688101,33.32596223,testing
1.0,11.44795796,33.1336542,testing
0.0,12.04889657,34.65251055,testing
0.0,12.20984934,34.46429893,validation
1.0,11.80723842,34.316226,validation
1.0,11.61106928,34.55401779,testing
1.0,11.68416049,33.78901852,training
0.0,10.89787613,34.32639251,testing
1.0,12.32867426,34.23448394,validation
0.0,10.55074063,33.98397204,validation
0.0,12.30586898,34.54489843,training
0.0,11.24791092,34.4076858,validation
0.0,10.93016611,34.58615287,training
1.0,11.94352707,33.56179538,testing
0.0,11.79759849,34.86221498,training
1.0,11.8486853,33.89209254,training
1.0,11.44877001,34.26688794,training
0.0,11.71920184,34.88167538,validation
0.0,11.3157315,34.41000993,validation
0.0,10.41423645,34.150972,validation
1.0,11.65102085,33.38201973,validation
0.0,11.97838442,33.44818401,testing
1.0,12.22112019,33.40783993,testing
0.0,10.89611602,33.8428657,testing
0.0,10.92734382,33.5780032,testing
1.0,11.40348025,34.41995729,training
1.0,12.15786201,33.43447128,testing
1.0,12.47200229,34.28640858,training
1.0,12.06641257,34.41925733,testing
0.0,11.33755457,33.22756612,testing
0.0,10.2692939,33.90696803,validation
0.0,11.14486484,34.35447455,validation
0.0,10.53121825,33.76795424,validation
0.0,10.7261815,33.9601575,validation
0.0,9.68437898,34.04694448,validation
0.0,11.42023226,33.99115185,testing
0.0,12.11121194,33.79538078,training
0.0,11.57812749,34.18242077,validation
0.0,9.83978159,34.09131087,testing
0.0,10.94347254,33.49653402,validation
1.0,12.31331309,34.2739557,testing
1.0,11.64999111,34.04901563,testing
0.0,10.46132674,34.18865402,testing
0.0,11.49093741,33.61911936,validation
1.0,12.28658917,34.20772128,training
0.0,11.56557766,34.44127896,validation
0.0,10.67006099,33.33880042,validation
0.0,12.02896385,33.40973464,validation
0.0,10.42525981,34.0460221,testing
0.0,10.71589847,33.57352562,testing
0.0,10.93055361,34.8806479,training
0.0,12.05042355,33.24210683,testing
1.0,11.537159,34.21944826,training
0.0,11.84651653,34.82215546,validation
0.0,11.07536249,34.34676045,validation
1.0,11.8604417,34.59329497,validation
1.0,11.59246612,34.63768125,validation
0.0,10.75761386,33.40349533,training
1.0,11.49417729,33.45685273,validation
1.0,11.18075357,33.50210041,training
1.0,11.65840886,33.68718619,testing
0.0,10.13822361,33.93385153,validation
1.0,11.90652808,33.67850377,validation
0.0,10.06626863,34.05181806,validation
0.0,11.28119477,34.38648612,testing
0.0,10.86242428,34.19482841,validation
1.0,11.8152186,33.648634,training
0.0,11.01936957,34.72538396,testing
0.0,12.62895912,34.50204217,testing
0.0,10.4457183,33.94180423,training
0.0,10.68148942,33.83927731,testing
0.0,11.43656039,34.83478099,training
1.0,11.69654584,33.55823706,validation
1.0,12.08841338,34.55346916,testing
0.0,10.69346199,33.46009564,training
1.0,11.52220337,33.1967892,validation
0.0,11.30552852,34.58681391,validation
1.0,11.73222595,34.76131542,testing
0.0,11.13510294,34.85085845,validation
0.0,10.8515452,34.15495857,testing
0.0,11.15982369,33.84967377,training
0.0,10.90610853,33.20261467,testing
0.0,10.99567203,34.6492661,validation
0.0,10.45208782,34.14228403,testing
1.0,11.89784345,34.58065908,validation
0.0,10.52545668,33.69481221,testing
0.0,10.84134511,33.89578315,training
1.0,12.44140775,34.36312644,validation
0.0,11.01077269,34.18108872,testing
0.0,11.86776643,35.13185883,testing
0.0,11.15559556,34.94148952,testing
0.0,11.73190316,34.72183228,validation
0.0,11.08809299,33.73719636,testing
1.0,12.56375112,34.20906239,training
1.0,11.73961257,34.11850273,validation
0.0,10.87014453,33.27797161,testing
0.0,11.14138872,34.29340027,validation
1.0,11.76582661,34.66341831,testing
0.0,12.30593233,34.65744759,testing
0.0,10.70455309,33.73632252,testing
0.0,10.67295586,33.67040815,validation
0.0,10.64103069,33.83821925,validation
0.0,11.37577378,34.97301268,validation
0.0,10.25821661,33.91915698,training
1.0,11.82197553,33.28952108,training
0.0,11.91680895,34.8242856,validation
0.0,12.0964834,34.88565548,training
0.0,10.84346431,33.28877673,testing
1.0,12.1524432,34.45770371,testing
1.0,12.03272545,33.38444662,testing
1.0,11.98706083,33.87435588,testing
1.0,12.30404429,33.62693515,validation
0.0,11.32972203,34.26371114,training
0.0,10.13656807,33.97771546,testing
0.0,11.10824847,34.60953367,testing
0.0,10.85007434,34.4958288,validation
1.0,12.20025938,33.8418377,training
1.0,11.43837307,33.14070787,testing
0.0,11.60335732,34.8251034,validation
0.0,10.76333362,34.00287808,testing
1.0,12.33959693,33.70378417,testing
0.0,10.62006326,33.77468948,training
0.0,10.87546485,34.21716027,training
0.0,12.00275146,34.64922426,testing
0.0,11.99314122,34.99677884,training
0.0,9.51030564,33.94684532,validation
0.0,11.00499176,34.41832347,training
0.0,11.43567637,34.05783394,validation
0.0,10.78795128,33.35593553,validation
0.0,10.28831411,34.19275438,validation
0.0,9.98314025,34.12781733,validation
1.0,11.83567837,33.76121549,testing
0.0,11.57632966,33.99230074,testing
1.0,12.17227064,33.84469063,testing
1.0,11.84211667,33.73834468,validation
0.0,10.85076085,33.96500192,testing
0.0,10.83012825,33.75410669,validation
0.0,10.11278054,34.12712528,training
0.0,10.73828576,33.94849822,testing
0.0,10.87982827,34.13626983,validation
0.0,10.52342058,34.01520518,validation
1.0,11.87575386,34.26552254,training
0.0,11.97580974,34.77323364,testing
0.0,10.02458195,34.06006946,validation
0.0,11.86610972,34.8947342,training
1.0,12.24154957,33.88597551,training
1.0,11.5398197,33.40023719,validation
0.0,11.12333101,34.04906836,validation
0.0,10.12648794,33.99226244,validation
0.0,10.68576834,33.91593465,training
1.0,11.14979897,33.3455496,validation
0.0,10.73118994,34.09197248,testing
0.0,10.79628501,33.60002821,training
0.0,11.03189096,34.19646088,validation
1.0,11.66138032,34.13098978,validation
0.0,10.84580252,33.9870308,testing
0.0,11.38984353,34.15010237,validation
0.0,10.21744075,34.13877454,testing
0.0,10.98776817,34.56578792,validation
0.0,11.39763825,34.21204433,testing
1.0,11.80808829,34.68737003,validation
0.0,10.86485837,34.48506969,training
1.0,12.04431684,34.34793108,testing
0.0,10.50033687,33.58896814,training
0.0,9.69422232,33.91507689,validation
0.0,11.74314642,34.41859145,training
0.0,11.39054273,33.75457214,validation
0.0,11.59486682,34.18467998,validation
0.0,12.30204337,34.05032652,validation
0.0,12.00414428,34.98804225,training
0.0,11.19858951,34.77359627,validation
1.0,11.86107211,33.79793956,testing
1.0,11.71672407,34.33519317,validation
0.0,11.10021124,34.25038565,training
1.0,11.48474803,33.20807915,validation
0.0,11.37060206,34.38013228,validation
0.0,10.85098394,33.45764188,training
0.0,9.75281433,34.10239847,validation
0.0,11.36016231,33.13471236,testing
1.0,11.99928182,33.76878279,testing
0.0,9.87571059,34.04144279,testing
0.0,10.81400729,34.69734714,testing
1.0,12.0033947,33.38726337,validation
1.0,11.6221528,34.59834917,testing
1.0,11.68785538,34.11805808,validation
0.0,11.25534102,34.06767933,testing
0.0,10.78355706,33.39879063,testing
0.0,10.67773944,33.54198654,testing
1.0,11.76220406,33.2969759,testing
0.0,12.41077683,34.3124963,validation
0.0,11.83698209,34.90335007,validation
1.0,12.43850768,34.49835597,validation
0.0,12.19315031,34.7218669,validation
0.0,11.12032853,33.7100543,training
0.0,11.07378142,33.56906184,validation
